taxonomic_group	taxon_primer_hits	taxon_primer_misses	taxon_total_observed	total_filtered_seqs	fraction_total_filtered_sequences_mismatched	fraction_taxon_mismatched
d:Bacteria,p:Cyanobacteria,c:Oxyphotobacteria,o:Chloroplast	35074.4248	353	35427.4248	47507	.00743048	.0099
d:Eukaryota,p:Hacrobia,c:Haptophyta,o:Prymnesiophyceae	15146.5944	162	15308.5944	47507	.00341002	.0105
d:Eukaryota,p:Archaeplastida,c:Chlorophyta,o:Mamiellophyceae	10789.3549	88	10877.3549	47507	.00185235	.0080
d:Bacteria,p:Cyanobacteria,c:Cyanobacteria,o:SubsectionI	8164.1858	77	8241.1858	47507	.00162081	.0093
d:Bacteria,p:Cyanobacteria,c:Oxyphotobacteria,o:Synechococcales	8128.1010	76	8204.100999999999	47507	.00159976	.0092
d:Eukaryota,p:Stramenopiles,c:Ochrophyta,o:Dictyochophyceae	2688.3175	32	2720.3175	47507	.00067358	.0117
d:Eukaryota,p:Hacrobia,c:Cryptophyta,o:Cryptophyceae	2214.7045	27	2241.7045	47507	.00056833	.0120
d:Eukaryota,p:Stramenopiles,c:Ochrophyta,o:Bacillariophyta	1429.8601	12	1441.8601	47507	.00025259	.0083
d:Eukaryota,p:Stramenopiles,c:Ochrophyta,o:Chrysophyceae-Synurophyceae	676.5899	6	682.5899	47507	.00012629	.0087
d:Bacteria,p:Cyanobacteria,c:MLE1-12,o:uncultured	730.7171	6	736.7171	47507	.00012629	.0081
d:Bacteria,p:Cyanobacteria,c:Melainabacteria,o:Obscuribacterales	735.2277	6	741.2277	47507	.00012629	.0080
d:Eukaryota,p:Stramenopiles,c:Ochrophyta,o:Pelagophyceae	861.5245	6	867.5245	47507	.00012629	.0069
d:Eukaryota,p:Alveolata,c:Dinophyta,o:Dinophyceae	18.0423	5	23.0423	47507	.00010524	.2169
d:Eukaryota,p:Archaeplastida,c:Streptophyta,o:Embryophyceae	63.1483	4	67.1483	47507	.00008419	.0595
d:Eukaryota,p:Archaeplastida,c:Chlorophyta,o:Prasinophyceae	184.9345	4	188.9345	47507	.00008419	.0211
d:Eukaryota,p:Excavata,c:Discoba,o:Euglenozoa	135.3179	3	138.3179	47507	.00006314	.0216
d:Eukaryota,p:Stramenopiles,c:Ochrophyta,o:Chrysophyceae	184.9345	2	186.9345	47507	.00004209	.0106
d:Eukaryota,p:Archaeplastida,c:Chlorophyta,o:Prasinococcales	211.9981	2	213.9981	47507	.00004209	.0093
d:Bacteria,p:Proteobacteria,c:Deltaproteobacteria,o:Desulfobacterales	9.0211	1	10.0211	47507	.00002104	.0997
d:Bacteria,p:Proteobacteria,c:Alphaproteobacteria,o:Caulobacterales	27.0635	1	28.0635	47507	.00002104	.0356
d:Eukaryota,p:Stramenopiles,c:Ochrophyta,o:Phaeophyceae	31.5741	1	32.5741	47507	.00002104	.0306
d:Eukaryota,p:Stramenopiles,c:Ochrophyta,o:Eustigmatophyceae	76.6801	1	77.6801	47507	.00002104	.0128
d:Eukaryota,p:uncultured_marine_eukaryote,c:uncultured_marine_eukaryote,o:uncultured_marine_eukaryote		0	0	47507	0	0
d:Eukaryota,p:uncultured,c:uncultured_marine_eukaryote,o:uncultured_marine_eukaryote		0	0	47507	0	0
d:Eukaryota,p:uncultured,c:uncultured_marine_alveolate,o:uncultured_marine_alveolate		0	0	47507	0	0
d:Eukaryota,p:uncultured,c:uncultured_eukaryote,o:uncultured_eukaryote		0	0	47507	0	0
d:Eukaryota,p:Stramenopiles,c:Ochrophyta,o:Raphidophyceae	126.2967	0	126.2967	47507	0	0
d:Eukaryota,p:Stramenopiles,c:Ochrophyta,o:Pinguiophyceae	4.5105	0	4.5105	47507	0	0
d:Eukaryota,p:Stramenopiles,c:Ochrophyta,o:Ochrophyta_X	13.5317	0	13.5317	47507	0	0
d:Eukaryota,p:Stramenopiles,c:Ochrophyta,o:Bolidophyceae	27.0635	0	27.0635	47507	0	0
d:Eukaryota,p:SAR,c:Stramenopiles,o:uncultured_marine_eukaryote		0	0	47507	0	0
d:Eukaryota,p:SAR,c:Stramenopiles,o:uncultured_eukaryote		0	0	47507	0	0
d:Eukaryota,p:SAR,c:Stramenopiles,o:uncultured		0	0	47507	0	0
d:Eukaryota,p:SAR,c:Stramenopiles,o:Placididea		0	0	47507	0	0
d:Eukaryota,p:SAR,c:Stramenopiles,o:Peronosporomycetes		0	0	47507	0	0
d:Eukaryota,p:SAR,c:Stramenopiles,o:Ochrophyta		0	0	47507	0	0
d:Eukaryota,p:SAR,c:Stramenopiles,o:MAST-9		0	0	47507	0	0
d:Eukaryota,p:SAR,c:Stramenopiles,o:MAST-8		0	0	47507	0	0
d:Eukaryota,p:SAR,c:Stramenopiles,o:MAST-7		0	0	47507	0	0
d:Eukaryota,p:SAR,c:Stramenopiles,o:MAST-6		0	0	47507	0	0
d:Eukaryota,p:SAR,c:Stramenopiles,o:MAST-4		0	0	47507	0	0
d:Eukaryota,p:SAR,c:Stramenopiles,o:MAST-3		0	0	47507	0	0
d:Eukaryota,p:SAR,c:Stramenopiles,o:MAST-24		0	0	47507	0	0
d:Eukaryota,p:SAR,c:Stramenopiles,o:MAST-23		0	0	47507	0	0
d:Eukaryota,p:SAR,c:Stramenopiles,o:MAST-22		0	0	47507	0	0
d:Eukaryota,p:SAR,c:Stramenopiles,o:MAST-2		0	0	47507	0	0
d:Eukaryota,p:SAR,c:Stramenopiles,o:MAST-16		0	0	47507	0	0
d:Eukaryota,p:SAR,c:Stramenopiles,o:MAST-12		0	0	47507	0	0
d:Eukaryota,p:SAR,c:Stramenopiles,o:MAST-11		0	0	47507	0	0
d:Eukaryota,p:SAR,c:Stramenopiles,o:MAST-1		0	0	47507	0	0
d:Eukaryota,p:SAR,c:Stramenopiles,o:Labyrinthulomycetes		0	0	47507	0	0
d:Eukaryota,p:SAR,c:Stramenopiles,o:Incertae_Sedis		0	0	47507	0	0
d:Eukaryota,p:SAR,c:Stramenopiles,o:Hyphochytriomycetes		0	0	47507	0	0
d:Eukaryota,p:SAR,c:Stramenopiles,o:Bicosoecida		0	0	47507	0	0
d:Eukaryota,p:SAR,c:Rhizaria,o:Retaria		0	0	47507	0	0
d:Eukaryota,p:SAR,c:Rhizaria,o:Cercozoa		0	0	47507	0	0
d:Eukaryota,p:SAR,c:Alveolata,o:uncultured_marine_dinoflagellate		0	0	47507	0	0
d:Eukaryota,p:SAR,c:Alveolata,o:uncultured_marine_alveolate		0	0	47507	0	0
d:Eukaryota,p:SAR,c:Alveolata,o:uncultured_eukaryote		0	0	47507	0	0
d:Eukaryota,p:SAR,c:Alveolata,o:uncultured_dinoflagellate		0	0	47507	0	0
d:Eukaryota,p:SAR,c:Alveolata,o:uncultured_alveolate		0	0	47507	0	0
d:Eukaryota,p:SAR,c:Alveolata,o:uncultured		0	0	47507	0	0
d:Eukaryota,p:SAR,c:Alveolata,o:Protalveolata		0	0	47507	0	0
d:Eukaryota,p:SAR,c:Alveolata,o:Incertae_Sedis		0	0	47507	0	0
d:Eukaryota,p:SAR,c:Alveolata,o:Dinoflagellata		0	0	47507	0	0
d:Eukaryota,p:SAR,c:Alveolata,o:Ciliophora		0	0	47507	0	0
d:Eukaryota,p:SAR,c:Alveolata,o:Apicomplexa		0	0	47507	0	0
d:Eukaryota,p:SA1-3C06,c:Hemiarma_marina,o:Hemiarma_marina		0	0	47507	0	0
d:Eukaryota,p:Rhizaria,c:Cercozoa,o:Filosa-Chlorarachnea	27.0635	0	27.0635	47507	0	0
d:Eukaryota,p:Picozoa,c:uncultured_rhodophyte,o:uncultured_rhodophyte		0	0	47507	0	0
d:Eukaryota,p:Picozoa,c:uncultured_picobiliphyte,o:uncultured_picobiliphyte		0	0	47507	0	0
d:Eukaryota,p:Picozoa,c:uncultured_phototrophic_eukaryote,o:uncultured_phototrophic_eukaryote		0	0	47507	0	0
d:Eukaryota,p:Picozoa,c:uncultured_marine_eukaryote,o:uncultured_marine_eukaryote		0	0	47507	0	0
d:Eukaryota,p:Picozoa,c:uncultured_eukaryote,o:uncultured_eukaryote		0	0	47507	0	0
d:Eukaryota,p:Picozoa,c:uncultured_biliphyte,o:uncultured_biliphyte		0	0	47507	0	0
d:Eukaryota,p:Picozoa,c:Picomonadida,o:uncultured_phototrophic_eukaryote		0	0	47507	0	0
d:Eukaryota,p:Picozoa,c:Picomonadida,o:uncultured_marine_eukaryote		0	0	47507	0	0
d:Eukaryota,p:Picozoa,c:Picomonadida,o:uncultured_eukaryote		0	0	47507	0	0
d:Eukaryota,p:Picozoa,c:Picomonadida,o:uncultured_biliphyte		0	0	47507	0	0
d:Eukaryota,p:Picozoa,c:Picomonadida,o:Picomonadidae		0	0	47507	0	0
d:Eukaryota,p:Opisthokonta,c:Nucletmycea,o:Nucleariidae_and_Fonticula_group		0	0	47507	0	0
d:Eukaryota,p:Opisthokonta,c:Nucletmycea,o:Fungi		0	0	47507	0	0
d:Eukaryota,p:Opisthokonta,c:Holozoa,o:Metazoa_(Animalia)		0	0	47507	0	0
d:Eukaryota,p:Opisthokonta,c:Holozoa,o:metagenome		0	0	47507	0	0
d:Eukaryota,p:Opisthokonta,c:Holozoa,o:Ichthyosporea		0	0	47507	0	0
d:Eukaryota,p:Opisthokonta,c:Holozoa,o:Filasterea		0	0	47507	0	0
d:Eukaryota,p:Opisthokonta,c:Holozoa,o:Eccrinales		0	0	47507	0	0
d:Eukaryota,p:Opisthokonta,c:Holozoa,o:Corallochytrea		0	0	47507	0	0
d:Eukaryota,p:Opisthokonta,c:Holozoa,o:Choanoflagellida		0	0	47507	0	0
d:Eukaryota,p:Opisthokonta,c:Aphelidea,o:uncultured_fungus		0	0	47507	0	0
d:Eukaryota,p:Opisthokonta,c:Aphelidea,o:uncultured_eukaryote		0	0	47507	0	0
d:Eukaryota,p:Opisthokonta,c:Aphelidea,o:uncultured		0	0	47507	0	0
d:Eukaryota,p:Opisthokonta,c:Aphelidea,o:Paraphelidium		0	0	47507	0	0
d:Eukaryota,p:Opisthokonta,c:Aphelidea,o:Aphelidium		0	0	47507	0	0
d:Eukaryota,p:Incertae_Sedis,c:Telonema,o:uncultured_Telonemida		0	0	47507	0	0
d:Eukaryota,p:Incertae_Sedis,c:Telonema,o:uncultured_Telonema		0	0	47507	0	0
d:Eukaryota,p:Incertae_Sedis,c:Telonema,o:uncultured_syndiniales		0	0	47507	0	0
d:Eukaryota,p:Incertae_Sedis,c:Telonema,o:uncultured_marine_eukaryote		0	0	47507	0	0
d:Eukaryota,p:Incertae_Sedis,c:Telonema,o:uncultured_eukaryote		0	0	47507	0	0
d:Eukaryota,p:Incertae_Sedis,c:Rigifilida,o:Rigifila		0	0	47507	0	0
d:Eukaryota,p:Incertae_Sedis,c:Rigifilida,o:Micronuclearia		0	0	47507	0	0
d:Eukaryota,p:Incertae_Sedis,c:Palpitomonas,o:uncultured_eukaryote		0	0	47507	0	0
d:Eukaryota,p:Incertae_Sedis,c:Palpitomonas,o:uncultured_dinoflagellate		0	0	47507	0	0
d:Eukaryota,p:Incertae_Sedis,c:Mantamonas,o:uncultured_eukaryote		0	0	47507	0	0
d:Eukaryota,p:Incertae_Sedis,c:Mantamonas,o:Mantamonas_plastica		0	0	47507	0	0
d:Eukaryota,p:Incertae_Sedis,c:Breviatea,o:uncultured_eukaryote		0	0	47507	0	0
d:Eukaryota,p:Incertae_Sedis,c:Breviatea,o:Subulatomonas		0	0	47507	0	0
d:Eukaryota,p:Incertae_Sedis,c:Breviatea,o:NAMAKO-2		0	0	47507	0	0
d:Eukaryota,p:Incertae_Sedis,c:Breviatea,o:Breviata		0	0	47507	0	0
d:Eukaryota,p:Incertae_Sedis,c:Apusomonadidae,o:uncultured_marine_eukaryote		0	0	47507	0	0
d:Eukaryota,p:Incertae_Sedis,c:Apusomonadidae,o:uncultured_eukaryote		0	0	47507	0	0
d:Eukaryota,p:Incertae_Sedis,c:Apusomonadidae,o:uncultured_Apusomonadidae		0	0	47507	0	0
d:Eukaryota,p:Incertae_Sedis,c:Apusomonadidae,o:Planomonas		0	0	47507	0	0
d:Eukaryota,p:Incertae_Sedis,c:Apusomonadidae,o:metagenome		0	0	47507	0	0
d:Eukaryota,p:Incertae_Sedis,c:Apusomonadidae,o:Chelonemonas		0	0	47507	0	0
d:Eukaryota,p:Incertae_Sedis,c:Apusomonadidae,o:Apusomonas		0	0	47507	0	0
d:Eukaryota,p:Incertae_Sedis,c:Apusomonadidae,o:Amastigomonas		0	0	47507	0	0
d:Eukaryota,p:Incertae_Sedis,c:Ancyromonadida,o:Ancyromonas		0	0	47507	0	0
d:Eukaryota,p:Haptophyta,c:uncultured,o:uncultured_haptophyte		0	0	47507	0	0
d:Eukaryota,p:Haptophyta,c:uncultured_eukaryote,o:uncultured_eukaryote		0	0	47507	0	0
d:Eukaryota,p:Haptophyta,c:T58,o:uncultured_marine_haptophyte		0	0	47507	0	0
d:Eukaryota,p:Haptophyta,c:T58,o:uncultured_eukaryote		0	0	47507	0	0
d:Eukaryota,p:Haptophyta,c:Prymnesiophyceae,o:uncultured		0	0	47507	0	0
d:Eukaryota,p:Haptophyta,c:Prymnesiophyceae,o:SGUH624		0	0	47507	0	0
d:Eukaryota,p:Haptophyta,c:Prymnesiophyceae,o:Prymnesiales		0	0	47507	0	0
d:Eukaryota,p:Haptophyta,c:Prymnesiophyceae,o:Phaeocystis		0	0	47507	0	0
d:Eukaryota,p:Haptophyta,c:Prymnesiophyceae,o:marine_metagenome		0	0	47507	0	0
d:Eukaryota,p:Haptophyta,c:Prymnesiophyceae,o:Isochrysidales		0	0	47507	0	0
d:Eukaryota,p:Haptophyta,c:Prymnesiophyceae,o:Coccolithales		0	0	47507	0	0
d:Eukaryota,p:Haptophyta,c:Pavlovophyceae,o:Rebecca		0	0	47507	0	0
d:Eukaryota,p:Haptophyta,c:Pavlovophyceae,o:Pavlova		0	0	47507	0	0
d:Eukaryota,p:Haptophyta,c:Pavlovophyceae,o:Exanthemachrysis		0	0	47507	0	0
d:Eukaryota,p:Haptophyta,c:Pavlovophyceae,o:Diacronema		0	0	47507	0	0
d:Eukaryota,p:Haptophyta,c:Pavlovophyceae,o:AA5F1		0	0	47507	0	0
d:Eukaryota,p:Haptophyta,c:Pav3,o:uncultured_haptophyte		0	0	47507	0	0
d:Eukaryota,p:Haptophyta,c:Pav3,o:uncultured_eukaryote		0	0	47507	0	0
d:Eukaryota,p:Haptophyta,c:metagenome,o:metagenome		0	0	47507	0	0
d:Eukaryota,p:Haptophyta,c:Haptophyceae_sp._EE-2014,o:Haptophyceae_sp._EE-2014		0	0	47507	0	0
d:Eukaryota,p:Hacrobia,c:Rappemonad,o:Rappemonad_X	4.5105	0	4.5105	47507	0	0
d:Eukaryota,p:Hacrobia,c:Haptophyta,o:Pavlovophyceae		0	0	47507	0	0
d:Eukaryota,p:Excavata,c:Metamonada,o:Preaxostyla		0	0	47507	0	0
d:Eukaryota,p:Excavata,c:Metamonada,o:Parabasalia		0	0	47507	0	0
d:Eukaryota,p:Excavata,c:Metamonada,o:Fornicata		0	0	47507	0	0
d:Eukaryota,p:Excavata,c:metagenome,o:metagenome		0	0	47507	0	0
d:Eukaryota,p:Excavata,c:Discoba,o:Jakobida		0	0	47507	0	0
d:Eukaryota,p:Excavata,c:Discoba,o:Discicristata		0	0	47507	0	0
d:Eukaryota,p:Cryptophyceae,c:uncultured,o:uncultured_Proteomonas		0	0	47507	0	0
d:Eukaryota,p:Cryptophyceae,c:uncultured,o:uncultured_marine_eukaryote		0	0	47507	0	0
d:Eukaryota,p:Cryptophyceae,c:uncultured,o:uncultured_freshwater_eukaryote		0	0	47507	0	0
d:Eukaryota,p:Cryptophyceae,c:uncultured,o:uncultured_eukaryote		0	0	47507	0	0
d:Eukaryota,p:Cryptophyceae,c:uncultured,o:eukaryotic_picoplankton_environmental_sample		0	0	47507	0	0
d:Eukaryota,p:Cryptophyceae,c:Kathablepharidae,o:uncultured_eukaryote		0	0	47507	0	0
d:Eukaryota,p:Cryptophyceae,c:Kathablepharidae,o:uncultured		0	0	47507	0	0
d:Eukaryota,p:Cryptophyceae,c:Kathablepharidae,o:Leucocryptos		0	0	47507	0	0
d:Eukaryota,p:Cryptophyceae,c:Kathablepharidae,o:Katablepharis		0	0	47507	0	0
d:Eukaryota,p:Cryptophyceae,c:Goniomonas,o:uncultured_microeukaryote		0	0	47507	0	0
d:Eukaryota,p:Cryptophyceae,c:Goniomonas,o:Goniomonas_truncata		0	0	47507	0	0
d:Eukaryota,p:Cryptophyceae,c:Goniomonas,o:Goniomonas_sp._SH-8		0	0	47507	0	0
d:Eukaryota,p:Cryptophyceae,c:Goniomonas,o:Goniomonas_sp._SH-3		0	0	47507	0	0
d:Eukaryota,p:Cryptophyceae,c:Goniomonas,o:Goniomonas_pacifica		0	0	47507	0	0
d:Eukaryota,p:Cryptophyceae,c:Goniomonas,o:Goniomonas_avonlea		0	0	47507	0	0
d:Eukaryota,p:Cryptophyceae,c:Cryptomonadales,o:uncultured_marine_eukaryote		0	0	47507	0	0
d:Eukaryota,p:Cryptophyceae,c:Cryptomonadales,o:uncultured_freshwater_cryptophyte		0	0	47507	0	0
d:Eukaryota,p:Cryptophyceae,c:Cryptomonadales,o:uncultured_eukaryote		0	0	47507	0	0
d:Eukaryota,p:Cryptophyceae,c:Cryptomonadales,o:uncultured_cryptophyte		0	0	47507	0	0
d:Eukaryota,p:Cryptophyceae,c:Cryptomonadales,o:uncultured		0	0	47507	0	0
d:Eukaryota,p:Cryptophyceae,c:Cryptomonadales,o:Teleaulax		0	0	47507	0	0
d:Eukaryota,p:Cryptophyceae,c:Cryptomonadales,o:Rhodomonas		0	0	47507	0	0
d:Eukaryota,p:Cryptophyceae,c:Cryptomonadales,o:Plagioselmis		0	0	47507	0	0
d:Eukaryota,p:Cryptophyceae,c:Cryptomonadales,o:Komma		0	0	47507	0	0
d:Eukaryota,p:Cryptophyceae,c:Cryptomonadales,o:Hemiselmis		0	0	47507	0	0
d:Eukaryota,p:Cryptophyceae,c:Cryptomonadales,o:Hanusia		0	0	47507	0	0
d:Eukaryota,p:Cryptophyceae,c:Cryptomonadales,o:Guillardia		0	0	47507	0	0
d:Eukaryota,p:Cryptophyceae,c:Cryptomonadales,o:Geminigera_cryophila		0	0	47507	0	0
d:Eukaryota,p:Cryptophyceae,c:Cryptomonadales,o:Geminigera		0	0	47507	0	0
d:Eukaryota,p:Cryptophyceae,c:Cryptomonadales,o:Falcomonas		0	0	47507	0	0
d:Eukaryota,p:Cryptophyceae,c:Cryptomonadales,o:Cryptophyta_sp._SL64/78sp		0	0	47507	0	0
d:Eukaryota,p:Cryptophyceae,c:Cryptomonadales,o:Cryptophyta_sp._CR-MAL04		0	0	47507	0	0
d:Eukaryota,p:Cryptophyceae,c:Cryptomonadales,o:Cryptomonas		0	0	47507	0	0
d:Eukaryota,p:Cryptophyceae,c:Cryptomonadales,o:Chroomonas_sp._M1703		0	0	47507	0	0
d:Eukaryota,p:Cryptophyceae,c:Cryptomonadales,o:Chroomonas_sp._M0851		0	0	47507	0	0
d:Eukaryota,p:Cryptophyceae,c:Cryptomonadales,o:Chroomonas		0	0	47507	0	0
d:Eukaryota,p:Collodictyonidae,c:Diphylleia,o:Diphylleia_rotans		0	0	47507	0	0
d:Eukaryota,p:Centrohelida,c:uncultured_marine_eukaryote,o:uncultured_marine_eukaryote		0	0	47507	0	0
d:Eukaryota,p:Centrohelida,c:uncultured_eukaryote,o:uncultured_eukaryote		0	0	47507	0	0
d:Eukaryota,p:Centrohelida,c:Raphidiophryidae,o:Raphidiophrys		0	0	47507	0	0
d:Eukaryota,p:Centrohelida,c:Pterocystis_sp._Oxford3,o:Pterocystis_sp._Oxford3		0	0	47507	0	0
d:Eukaryota,p:Centrohelida,c:metagenome,o:metagenome		0	0	47507	0	0
d:Eukaryota,p:Centrohelida,c:M1-18D08,o:uncultured_marine_eukaryote		0	0	47507	0	0
d:Eukaryota,p:Centrohelida,c:Heterophryidae,o:metagenome		0	0	47507	0	0
d:Eukaryota,p:Centrohelida,c:Heterophryidae,o:Heterophrys		0	0	47507	0	0
d:Eukaryota,p:Centrohelida,c:H15-6,o:uncultured_eukaryote		0	0	47507	0	0
d:Eukaryota,p:Centrohelida,c:H1-10,o:uncultured_eukaryote		0	0	47507	0	0
d:Eukaryota,p:Centrohelida,c:H1-10,o:metagenome		0	0	47507	0	0
d:Eukaryota,p:Centrohelida,c:CV1-B1-93,o:uncultured_centroheliozoan		0	0	47507	0	0
d:Eukaryota,p:Centrohelida,c:CV1-B1-93,o:metagenome		0	0	47507	0	0
d:Eukaryota,p:Centrohelida,c:Acanthocystidae,o:Pterocystis		0	0	47507	0	0
d:Eukaryota,p:Archaeplastida,c:Streptophyta,o:Zygnemophyceae	13.5317	0	13.5317	47507	0	0
d:Eukaryota,p:Archaeplastida,c:Streptophyta,o:Coleochaetophyceae	13.5317	0	13.5317	47507	0	0
d:Eukaryota,p:Archaeplastida,c:Streptophyta,o:Chlorokybophyceae		0	0	47507	0	0
d:Eukaryota,p:Archaeplastida,c:Streptophyta,o:Charophyceae		0	0	47507	0	0
d:Eukaryota,p:Archaeplastida,c:Rhodophyta,o:Stylonematophyceae		0	0	47507	0	0
d:Eukaryota,p:Archaeplastida,c:Rhodophyta,o:Rhodellophyceae		0	0	47507	0	0
d:Eukaryota,p:Archaeplastida,c:Rhodophyta,o:Porphyridiophyceae		0	0	47507	0	0
d:Eukaryota,p:Archaeplastida,c:Rhodophyta,o:Florideophyceae	45.1059	0	45.1059	47507	0	0
d:Eukaryota,p:Archaeplastida,c:Rhodophyta,o:Compsopogonophyceae		0	0	47507	0	0
d:Eukaryota,p:Archaeplastida,c:Rhodophyta,o:Bangiophyceae	4.5105	0	4.5105	47507	0	0
d:Eukaryota,p:Archaeplastida,c:Rhodophyceae,o:Stylonematales		0	0	47507	0	0
d:Eukaryota,p:Archaeplastida,c:Rhodophyceae,o:Rhodellophyceae		0	0	47507	0	0
d:Eukaryota,p:Archaeplastida,c:Rhodophyceae,o:Porphyridiophyceae		0	0	47507	0	0
d:Eukaryota,p:Archaeplastida,c:Rhodophyceae,o:Florideophycidae		0	0	47507	0	0
d:Eukaryota,p:Archaeplastida,c:Rhodophyceae,o:Cyanidiales		0	0	47507	0	0
d:Eukaryota,p:Archaeplastida,c:Rhodophyceae,o:Compsopogonales		0	0	47507	0	0
d:Eukaryota,p:Archaeplastida,c:Rhodophyceae,o:Bangiales		0	0	47507	0	0
d:Eukaryota,p:Archaeplastida,c:Glaucophyta,o:Glaucocystophyceae	4.5105	0	4.5105	47507	0	0
d:Eukaryota,p:Archaeplastida,c:Glaucophyta,o:Glaucocystis		0	0	47507	0	0
d:Eukaryota,p:Archaeplastida,c:Glaucophyta,o:Cyanoptyche		0	0	47507	0	0
d:Eukaryota,p:Archaeplastida,c:Glaucophyta,o:Cyanophora		0	0	47507	0	0
d:Eukaryota,p:Archaeplastida,c:Chloroplastida,o:Chlorophyta		0	0	47507	0	0
d:Eukaryota,p:Archaeplastida,c:Chloroplastida,o:Charophyta		0	0	47507	0	0
d:Eukaryota,p:Archaeplastida,c:Chlorophyta,o:Ulvophyceae	9.0211	0	9.0211	47507	0	0
d:Eukaryota,p:Archaeplastida,c:Chlorophyta,o:Trebouxiophyceae	27.0635	0	27.0635	47507	0	0
d:Eukaryota,p:Archaeplastida,c:Chlorophyta,o:Prasino-Clade-V	4.5105	0	4.5105	47507	0	0
d:Eukaryota,p:Archaeplastida,c:Chlorophyta,o:Pedinophyceae	4.5105	0	4.5105	47507	0	0
d:Eukaryota,p:Archaeplastida,c:Chlorophyta,o:Nephroselmidophyceae	18.0423	0	18.0423	47507	0	0
d:Eukaryota,p:Archaeplastida,c:Chlorophyta,o:Chlorophyta_X		0	0	47507	0	0
d:Eukaryota,p:Archaeplastida,c:Chlorophyta,o:Chlorophyceae		0	0	47507	0	0
d:Eukaryota,p:Archaeplastida,c:Chlorophyta,o:Chlorodendrophyceae		0	0	47507	0	0
d:Eukaryota,p:Amoebozoa,c:uncultured,o:uncultured_eukaryote		0	0	47507	0	0
d:Eukaryota,p:Amoebozoa,c:uncultured,o:uncultured_Amoebozoa		0	0	47507	0	0
d:Eukaryota,p:Amoebozoa,c:uncultured,o:metagenome		0	0	47507	0	0
d:Eukaryota,p:Amoebozoa,c:Tubulinea,o:metagenome		0	0	47507	0	0
d:Eukaryota,p:Amoebozoa,c:Tubulinea,o:Leptomyxida		0	0	47507	0	0
d:Eukaryota,p:Amoebozoa,c:Tubulinea,o:Euamoebida		0	0	47507	0	0
d:Eukaryota,p:Amoebozoa,c:Tubulinea,o:Arcellinida		0	0	47507	0	0
d:Eukaryota,p:Amoebozoa,c:Schizoplasmodiida,o:Phalansterium		0	0	47507	0	0
d:Eukaryota,p:Amoebozoa,c:Schizoplasmodiida,o:Nematostelium		0	0	47507	0	0
d:Eukaryota,p:Amoebozoa,c:Protosteliida,o:Protostelium		0	0	47507	0	0
d:Eukaryota,p:Amoebozoa,c:Protosteliida,o:metagenome		0	0	47507	0	0
d:Eukaryota,p:Amoebozoa,c:Protosporangiida,o:Protosporangiidae		0	0	47507	0	0
d:Eukaryota,p:Amoebozoa,c:Myxogastria,o:Lamproderma		0	0	47507	0	0
d:Eukaryota,p:Amoebozoa,c:Mycamoeba,o:metagenome		0	0	47507	0	0
d:Eukaryota,p:Amoebozoa,c:metagenome,o:metagenome		0	0	47507	0	0
d:Eukaryota,p:Amoebozoa,c:Incertae_Sedis,o:WIM_5_lineage		0	0	47507	0	0
d:Eukaryota,p:Amoebozoa,c:Incertae_Sedis,o:metagenome		0	0	47507	0	0
d:Eukaryota,p:Amoebozoa,c:Incertae_Sedis,o:Luapeleamoeba		0	0	47507	0	0
d:Eukaryota,p:Amoebozoa,c:Incertae_Sedis,o:Ischnamoeba		0	0	47507	0	0
d:Eukaryota,p:Amoebozoa,c:Incertae_Sedis,o:Arboramoeba		0	0	47507	0	0
d:Eukaryota,p:Amoebozoa,c:Gracilipodida,o:Telaepolella		0	0	47507	0	0
d:Eukaryota,p:Amoebozoa,c:Gracilipodida,o:metagenome		0	0	47507	0	0
d:Eukaryota,p:Amoebozoa,c:Gracilipodida,o:LEMD267		0	0	47507	0	0
d:Eukaryota,p:Amoebozoa,c:Gracilipodida,o:Heliamoeba		0	0	47507	0	0
d:Eukaryota,p:Amoebozoa,c:Gracilipodida,o:Flamella		0	0	47507	0	0
d:Eukaryota,p:Amoebozoa,c:Discosea,o:uncultured_marine_eukaryote		0	0	47507	0	0
d:Eukaryota,p:Amoebozoa,c:Discosea,o:Longamoebia		0	0	47507	0	0
d:Eukaryota,p:Amoebozoa,c:Discosea,o:Flabellinia		0	0	47507	0	0
d:Eukaryota,p:Amoebozoa,c:Dictyostelia,o:Polysphondylium		0	0	47507	0	0
d:Eukaryota,p:Amoebozoa,c:Dictyostelia,o:Dictyostelium		0	0	47507	0	0
d:Eukaryota,p:Amoebozoa,c:Dictyostelia,o:Acytostelium		0	0	47507	0	0
d:Eukaryota,p:Amoebozoa,c:Cavosteliida,o:uncultured_eukaryote		0	0	47507	0	0
d:Eukaryota,p:Amoebozoa,c:Cavosteliida,o:Schizoplasmodiopsis		0	0	47507	0	0
d:Eukaryota,p:Amoebozoa,c:Archamoebae,o:Entamoebida		0	0	47507	0	0
d:Eukaryota,p:Alveolata,c:Apicomplexa,o:Coccidia		0	0	47507	0	0
d:Eukaryota,p:Alveolata,c:Apicomplexa_like,o:Colpodellid	9.0211	0	9.0211	47507	0	0
d:Bacteria,p:Zixibacteria,c:uncultured_prokaryote,o:uncultured_prokaryote		0	0	47507	0	0
d:Bacteria,p:Zixibacteria,c:uncultured_organism,o:uncultured_organism		0	0	47507	0	0
d:Bacteria,p:Zixibacteria,c:uncultured_Nitrospinaceae_bacterium,o:uncultured_Nitrospinaceae_bacterium		0	0	47507	0	0
d:Bacteria,p:Zixibacteria,c:uncultured_deep-sea_bacterium,o:uncultured_deep-sea_bacterium		0	0	47507	0	0
d:Bacteria,p:Zixibacteria,c:uncultured_Caldithrix_sp.,o:uncultured_Caldithrix_sp.		0	0	47507	0	0
d:Bacteria,p:Zixibacteria,c:uncultured_bacterium,o:uncultured_bacterium		0	0	47507	0	0
d:Bacteria,p:Zixibacteria,c:bioreactor_metagenome,o:bioreactor_metagenome		0	0	47507	0	0
d:Bacteria,p:WS2,c:uncultured_Firmicutes_bacterium,o:uncultured_Firmicutes_bacterium		0	0	47507	0	0
d:Bacteria,p:WS2,c:uncultured_bacterium,o:uncultured_bacterium		0	0	47507	0	0
d:Bacteria,p:WS1,c:uncultured_organism,o:uncultured_organism		0	0	47507	0	0
d:Bacteria,p:WS1,c:uncultured_bacterium,o:uncultured_bacterium		0	0	47507	0	0
d:Bacteria,p:WPS-2,c:uncultured_bacterium,o:uncultured_bacterium		0	0	47507	0	0
d:Bacteria,p:WPS-2,c:hydrothermal_vent_metagenome,o:hydrothermal_vent_metagenome		0	0	47507	0	0
d:Bacteria,p:WPS-2,c:bacterium_ADurb.Bin236,o:bacterium_ADurb.Bin236		0	0	47507	0	0
d:Bacteria,p:WOR-1,c:uncultured_bacterium,o:uncultured_bacterium		0	0	47507	0	0
d:Bacteria,p:WOR-1,c:candidate_division_WOR-1_bacterium_RIFOXYB12_FULL_52_16,o:candidate_division_WOR-1_bacterium_RIFOXYB12_FULL_52_16		0	0	47507	0	0
d:Bacteria,p:WOR-1,c:candidate_division_WOR-1_bacterium_RIFOXYA12_FULL_43_27,o:candidate_division_WOR-1_bacterium_RIFOXYA12_FULL_43_27		0	0	47507	0	0
d:Bacteria,p:WOR-1,c:candidate_division_WOR-1_bacterium_RIFCSPHIGHO2_02_FULL_45_12,o:candidate_division_WOR-1_bacterium_RIFCSPHIGHO2_02_FULL_45_12		0	0	47507	0	0
d:Bacteria,p:Verrucomicrobia,c:Verrucomicrobiae,o:Verrucomicrobiales	4.5105	0	4.5105	47507	0	0
d:Bacteria,p:Verrucomicrobia,c:Verrucomicrobiae,o:uncultured		0	0	47507	0	0
d:Bacteria,p:Verrucomicrobia,c:Verrucomicrobiae,o:S-BQ2-57_soil_group		0	0	47507	0	0
d:Bacteria,p:Verrucomicrobia,c:Verrucomicrobiae,o:Pedosphaerales		0	0	47507	0	0
d:Bacteria,p:Verrucomicrobia,c:Verrucomicrobiae,o:Opitutales		0	0	47507	0	0
d:Bacteria,p:Verrucomicrobia,c:Verrucomicrobiae,o:Methylacidiphilales		0	0	47507	0	0
d:Bacteria,p:Verrucomicrobia,c:Verrucomicrobiae,o:LD1-PB3		0	0	47507	0	0
d:Bacteria,p:Verrucomicrobia,c:Verrucomicrobiae,o:Chthoniobacterales		0	0	47507	0	0
d:Bacteria,p:Verrucomicrobia,c:Verrucomicrobiae,o:Arctic97B-4_marine_group		0	0	47507	0	0
d:Bacteria,p:Thermotogae,c:Thermotogae,o:Thermotogales		0	0	47507	0	0
d:Bacteria,p:Thermotogae,c:Thermotogae,o:Petrotogales		0	0	47507	0	0
d:Bacteria,p:Tenericutes,c:Mollicutes,o:Mycoplasmatales		0	0	47507	0	0
d:Bacteria,p:Tenericutes,c:Mollicutes,o:Mollicutes_RF39		0	0	47507	0	0
d:Bacteria,p:Tenericutes,c:Mollicutes,o:Mollicutes_Incertae_Sedis	9.0211	0	9.0211	47507	0	0
d:Bacteria,p:Tenericutes,c:Mollicutes,o:Izimaplasmatales		0	0	47507	0	0
d:Bacteria,p:Tenericutes,c:Mollicutes,o:Haloplasmatales		0	0	47507	0	0
d:Bacteria,p:Tenericutes,c:Mollicutes,o:EUB33-2		0	0	47507	0	0
d:Bacteria,p:Tenericutes,c:Mollicutes,o:Entomoplasmatales		0	0	47507	0	0
d:Bacteria,p:Tenericutes,c:Mollicutes,o:EMP-G18		0	0	47507	0	0
d:Bacteria,p:Tenericutes,c:Mollicutes,o:Anaeroplasmatales		0	0	47507	0	0
d:Bacteria,p:Tenericutes,c:Mollicutes,o:Acholeplasmatales		0	0	47507	0	0
d:Bacteria,p:TA06,c:uncultured_bacterium,o:uncultured_bacterium		0	0	47507	0	0
d:Bacteria,p:Synergistetes,c:Synergistia,o:Synergistales		0	0	47507	0	0
d:Bacteria,p:Spirochaetes,c:V2072-189E03,o:uncultured_Spirochaetes_bacterium		0	0	47507	0	0
d:Bacteria,p:Spirochaetes,c:V2072-189E03,o:uncultured_prokaryote		0	0	47507	0	0
d:Bacteria,p:Spirochaetes,c:V2072-189E03,o:uncultured_organism		0	0	47507	0	0
d:Bacteria,p:Spirochaetes,c:uncultured,o:uncultured_bacterium		0	0	47507	0	0
d:Bacteria,p:Spirochaetes,c:Spirochaetia,o:Spirochaetales		0	0	47507	0	0
d:Bacteria,p:Spirochaetes,c:Spirochaetia,o:Brevinematales		0	0	47507	0	0
d:Bacteria,p:Spirochaetes,c:MVP-15,o:uncultured_Spirochaetes_bacterium		0	0	47507	0	0
d:Bacteria,p:Spirochaetes,c:MVP-15,o:uncultured_rumen_bacterium		0	0	47507	0	0
d:Bacteria,p:Spirochaetes,c:MVP-15,o:uncultured_Firmicutes_bacterium		0	0	47507	0	0
d:Bacteria,p:Spirochaetes,c:MVP-15,o:uncultured_bacterium		0	0	47507	0	0
d:Bacteria,p:Spirochaetes,c:MVP-15,o:metagenome		0	0	47507	0	0
d:Bacteria,p:Spirochaetes,c:MVP-15,o:bacterium_enrichment_culture_clone_R4-49B		0	0	47507	0	0
d:Bacteria,p:Spirochaetes,c:Leptospirae,o:Leptospirales		0	0	47507	0	0
d:Bacteria,p:Spirochaetes,c:Brachyspirae,o:Brachyspirales		0	0	47507	0	0
d:Bacteria,p:Schekmanbacteria,c:uncultured_delta_proteobacterium,o:uncultured_delta_proteobacterium		0	0	47507	0	0
d:Bacteria,p:Schekmanbacteria,c:uncultured_bacterium,o:uncultured_bacterium		0	0	47507	0	0
d:Bacteria,p:Rokubacteria,c:NC10,o:Rokubacteriales		0	0	47507	0	0
d:Bacteria,p:Rokubacteria,c:NC10,o:Methylomirabilales		0	0	47507	0	0
d:Bacteria,p:Proteobacteria,c:Zetaproteobacteria,o:Mariprofundales		0	0	47507	0	0
d:Bacteria,p:Proteobacteria,c:Magnetococcia,o:Magnetococcales		0	0	47507	0	0
d:Bacteria,p:Proteobacteria,c:Gammaproteobacteria,o:Xanthomonadales		0	0	47507	0	0
d:Bacteria,p:Proteobacteria,c:Gammaproteobacteria,o:WN-HWB-116		0	0	47507	0	0
d:Bacteria,p:Proteobacteria,c:Gammaproteobacteria,o:WD260		0	0	47507	0	0
d:Bacteria,p:Proteobacteria,c:Gammaproteobacteria,o:Vibrionales		0	0	47507	0	0
d:Bacteria,p:Proteobacteria,c:Gammaproteobacteria,o:uncultured		0	0	47507	0	0
d:Bacteria,p:Proteobacteria,c:Gammaproteobacteria,o:UBA4486		0	0	47507	0	0
d:Bacteria,p:Proteobacteria,c:Gammaproteobacteria,o:UBA10353_marine_group		0	0	47507	0	0
d:Bacteria,p:Proteobacteria,c:Gammaproteobacteria,o:Thiotrichales		0	0	47507	0	0
d:Bacteria,p:Proteobacteria,c:Gammaproteobacteria,o:Thiomicrospirales		0	0	47507	0	0
d:Bacteria,p:Proteobacteria,c:Gammaproteobacteria,o:Thiohalorhabdales		0	0	47507	0	0
d:Bacteria,p:Proteobacteria,c:Gammaproteobacteria,o:Tenderiales		0	0	47507	0	0
d:Bacteria,p:Proteobacteria,c:Gammaproteobacteria,o:TDNP-Wbc97-11-7-16		0	0	47507	0	0
d:Bacteria,p:Proteobacteria,c:Gammaproteobacteria,o:SZB7		0	0	47507	0	0
d:Bacteria,p:Proteobacteria,c:Gammaproteobacteria,o:SZB50		0	0	47507	0	0
d:Bacteria,p:Proteobacteria,c:Gammaproteobacteria,o:SZB30		0	0	47507	0	0
d:Bacteria,p:Proteobacteria,c:Gammaproteobacteria,o:Steroidobacterales		0	0	47507	0	0
d:Bacteria,p:Proteobacteria,c:Gammaproteobacteria,o:SS1-B-07-19		0	0	47507	0	0
d:Bacteria,p:Proteobacteria,c:Gammaproteobacteria,o:SS1-B-04-55		0	0	47507	0	0
d:Bacteria,p:Proteobacteria,c:Gammaproteobacteria,o:SAR86_clade		0	0	47507	0	0
d:Bacteria,p:Proteobacteria,c:Gammaproteobacteria,o:Salinisphaerales		0	0	47507	0	0
d:Bacteria,p:Proteobacteria,c:Gammaproteobacteria,o:S1-3-65		0	0	47507	0	0
d:Bacteria,p:Proteobacteria,c:Gammaproteobacteria,o:Run-SP154		0	0	47507	0	0
d:Bacteria,p:Proteobacteria,c:Gammaproteobacteria,o:R7C24		0	0	47507	0	0
d:Bacteria,p:Proteobacteria,c:Gammaproteobacteria,o:Pseudomonadales	4.5105	0	4.5105	47507	0	0
d:Bacteria,p:Proteobacteria,c:Gammaproteobacteria,o:PLTA13		0	0	47507	0	0
d:Bacteria,p:Proteobacteria,c:Gammaproteobacteria,o:pItb-vmat-80		0	0	47507	0	0
d:Bacteria,p:Proteobacteria,c:Gammaproteobacteria,o:Piscirickettsiales		0	0	47507	0	0
d:Bacteria,p:Proteobacteria,c:Gammaproteobacteria,o:Pasteurellales		0	0	47507	0	0
d:Bacteria,p:Proteobacteria,c:Gammaproteobacteria,o:Orbales		0	0	47507	0	0
d:Bacteria,p:Proteobacteria,c:Gammaproteobacteria,o:OM182_clade		0	0	47507	0	0
d:Bacteria,p:Proteobacteria,c:Gammaproteobacteria,o:Oceanospirillales		0	0	47507	0	0
d:Bacteria,p:Proteobacteria,c:Gammaproteobacteria,o:NKB5		0	0	47507	0	0
d:Bacteria,p:Proteobacteria,c:Gammaproteobacteria,o:Nitrosococcales		0	0	47507	0	0
d:Bacteria,p:Proteobacteria,c:Gammaproteobacteria,o:Nitrococcales		0	0	47507	0	0
d:Bacteria,p:Proteobacteria,c:Gammaproteobacteria,o:Milano-WF1B-44		0	0	47507	0	0
d:Bacteria,p:Proteobacteria,c:Gammaproteobacteria,o:Methylococcales		0	0	47507	0	0
d:Bacteria,p:Proteobacteria,c:Gammaproteobacteria,o:MD2904-B13		0	0	47507	0	0
d:Bacteria,p:Proteobacteria,c:Gammaproteobacteria,o:MBMPE27		0	0	47507	0	0
d:Bacteria,p:Proteobacteria,c:Gammaproteobacteria,o:MBAE14		0	0	47507	0	0
d:Bacteria,p:Proteobacteria,c:Gammaproteobacteria,o:Legionellales		0	0	47507	0	0
d:Bacteria,p:Proteobacteria,c:Gammaproteobacteria,o:KI89A_clade		0	0	47507	0	0
d:Bacteria,p:Proteobacteria,c:Gammaproteobacteria,o:KF-JG30-C25		0	0	47507	0	0
d:Bacteria,p:Proteobacteria,c:Gammaproteobacteria,o:JTB23		0	0	47507	0	0
d:Bacteria,p:Proteobacteria,c:Gammaproteobacteria,o:JG36-GS-52		0	0	47507	0	0
d:Bacteria,p:Proteobacteria,c:Gammaproteobacteria,o:Immundisolibacterales		0	0	47507	0	0
d:Bacteria,p:Proteobacteria,c:Gammaproteobacteria,o:I3A		0	0	47507	0	0
d:Bacteria,p:Proteobacteria,c:Gammaproteobacteria,o:HOC36		0	0	47507	0	0
d:Bacteria,p:Proteobacteria,c:Gammaproteobacteria,o:HglApr721		0	0	47507	0	0
d:Bacteria,p:Proteobacteria,c:Gammaproteobacteria,o:HgCo23		0	0	47507	0	0
d:Bacteria,p:Proteobacteria,c:Gammaproteobacteria,o:Halothiobacillales		0	0	47507	0	0
d:Bacteria,p:Proteobacteria,c:Gammaproteobacteria,o:Gammaproteobacteria_Incertae_Sedis		0	0	47507	0	0
d:Bacteria,p:Proteobacteria,c:Gammaproteobacteria,o:Ga0077536		0	0	47507	0	0
d:Bacteria,p:Proteobacteria,c:Gammaproteobacteria,o:Francisellales	4.5105	0	4.5105	47507	0	0
d:Bacteria,p:Proteobacteria,c:Gammaproteobacteria,o:FGL7S		0	0	47507	0	0
d:Bacteria,p:Proteobacteria,c:Gammaproteobacteria,o:F9P41300-M23		0	0	47507	0	0
d:Bacteria,p:Proteobacteria,c:Gammaproteobacteria,o:EV818SWSAP88		0	0	47507	0	0
d:Bacteria,p:Proteobacteria,c:Gammaproteobacteria,o:eub62A3		0	0	47507	0	0
d:Bacteria,p:Proteobacteria,c:Gammaproteobacteria,o:EPR3968-O8a-Bc78		0	0	47507	0	0
d:Bacteria,p:Proteobacteria,c:Gammaproteobacteria,o:Enterobacteriales		0	0	47507	0	0
d:Bacteria,p:Proteobacteria,c:Gammaproteobacteria,o:Ectothiorhodospirales		0	0	47507	0	0
d:Bacteria,p:Proteobacteria,c:Gammaproteobacteria,o:EC3		0	0	47507	0	0
d:Bacteria,p:Proteobacteria,c:Gammaproteobacteria,o:Diplorickettsiales		0	0	47507	0	0
d:Bacteria,p:Proteobacteria,c:Gammaproteobacteria,o:D90		0	0	47507	0	0
d:Bacteria,p:Proteobacteria,c:Gammaproteobacteria,o:Coxiellales		0	0	47507	0	0
d:Bacteria,p:Proteobacteria,c:Gammaproteobacteria,o:Competibacterales		0	0	47507	0	0
d:Bacteria,p:Proteobacteria,c:Gammaproteobacteria,o:Chromatiales		0	0	47507	0	0
d:Bacteria,p:Proteobacteria,c:Gammaproteobacteria,o:CHAB-XI-27		0	0	47507	0	0
d:Bacteria,p:Proteobacteria,c:Gammaproteobacteria,o:CH2b56		0	0	47507	0	0
d:Bacteria,p:Proteobacteria,c:Gammaproteobacteria,o:Cellvibrionales		0	0	47507	0	0
d:Bacteria,p:Proteobacteria,c:Gammaproteobacteria,o:CCM19a		0	0	47507	0	0
d:Bacteria,p:Proteobacteria,c:Gammaproteobacteria,o:CCD24		0	0	47507	0	0
d:Bacteria,p:Proteobacteria,c:Gammaproteobacteria,o:Cardiobacteriales		0	0	47507	0	0
d:Bacteria,p:Proteobacteria,c:Gammaproteobacteria,o:Betaproteobacteriales		0	0	47507	0	0
d:Bacteria,p:Proteobacteria,c:Gammaproteobacteria,o:Beggiatoales		0	0	47507	0	0
d:Bacteria,p:Proteobacteria,c:Gammaproteobacteria,o:BD7-8		0	0	47507	0	0
d:Bacteria,p:Proteobacteria,c:Gammaproteobacteria,o:BD72BR169		0	0	47507	0	0
d:Bacteria,p:Proteobacteria,c:Gammaproteobacteria,o:B2M28		0	0	47507	0	0
d:Bacteria,p:Proteobacteria,c:Gammaproteobacteria,o:AT-s2-59		0	0	47507	0	0
d:Bacteria,p:Proteobacteria,c:Gammaproteobacteria,o:Arenicellales		0	0	47507	0	0
d:Bacteria,p:Proteobacteria,c:Gammaproteobacteria,o:Alteromonadales		0	0	47507	0	0
d:Bacteria,p:Proteobacteria,c:Gammaproteobacteria,o:Aeromonadales		0	0	47507	0	0
d:Bacteria,p:Proteobacteria,c:Gammaproteobacteria,o:Acidithiobacillales		0	0	47507	0	0
d:Bacteria,p:Proteobacteria,c:Gammaproteobacteria,o:Acidiferrobacterales		0	0	47507	0	0
d:Bacteria,p:Proteobacteria,c:Gammaproteobacteria,o:211ds20		0	0	47507	0	0
d:Bacteria,p:Proteobacteria,c:Gammaproteobacteria,o:1013-28-CG33		0	0	47507	0	0
d:Bacteria,p:Proteobacteria,c:Deltaproteobacteria,o:Thermodesulfobacteriales		0	0	47507	0	0
d:Bacteria,p:Proteobacteria,c:Deltaproteobacteria,o:Syntrophobacterales		0	0	47507	0	0
d:Bacteria,p:Proteobacteria,c:Deltaproteobacteria,o:Sva0485		0	0	47507	0	0
d:Bacteria,p:Proteobacteria,c:Deltaproteobacteria,o:SAR324_clade(Marine_group_B)		0	0	47507	0	0
d:Bacteria,p:Proteobacteria,c:Deltaproteobacteria,o:Rs-K70_termite_group		0	0	47507	0	0
d:Bacteria,p:Proteobacteria,c:Deltaproteobacteria,o:RCP2-54		0	0	47507	0	0
d:Bacteria,p:Proteobacteria,c:Deltaproteobacteria,o:PB19		0	0	47507	0	0
d:Bacteria,p:Proteobacteria,c:Deltaproteobacteria,o:Oligoflexales		0	0	47507	0	0
d:Bacteria,p:Proteobacteria,c:Deltaproteobacteria,o:NKB15		0	0	47507	0	0
d:Bacteria,p:Proteobacteria,c:Deltaproteobacteria,o:NB1-j		0	0	47507	0	0
d:Bacteria,p:Proteobacteria,c:Deltaproteobacteria,o:Myxococcales		0	0	47507	0	0
d:Bacteria,p:Proteobacteria,c:Deltaproteobacteria,o:MBNT15		0	0	47507	0	0
d:Bacteria,p:Proteobacteria,c:Deltaproteobacteria,o:FW113		0	0	47507	0	0
d:Bacteria,p:Proteobacteria,c:Deltaproteobacteria,o:DTB120		0	0	47507	0	0
d:Bacteria,p:Proteobacteria,c:Deltaproteobacteria,o:Desulfuromonadales	4.5105	0	4.5105	47507	0	0
d:Bacteria,p:Proteobacteria,c:Deltaproteobacteria,o:Desulfovibrionales		0	0	47507	0	0
d:Bacteria,p:Proteobacteria,c:Deltaproteobacteria,o:Desulfarculales		0	0	47507	0	0
d:Bacteria,p:Proteobacteria,c:Deltaproteobacteria,o:Deltaproteobacteria_Incertae_Sedis		0	0	47507	0	0
d:Bacteria,p:Proteobacteria,c:Deltaproteobacteria,o:Bradymonadales		0	0	47507	0	0
d:Bacteria,p:Proteobacteria,c:Deltaproteobacteria,o:Bdellovibrionales		0	0	47507	0	0
d:Bacteria,p:Proteobacteria,c:Deltaproteobacteria,o:Apal-E12		0	0	47507	0	0
d:Bacteria,p:Proteobacteria,c:Alphaproteobacteria,o:uncultured		0	0	47507	0	0
d:Bacteria,p:Proteobacteria,c:Alphaproteobacteria,o:Tistrellales		0	0	47507	0	0
d:Bacteria,p:Proteobacteria,c:Alphaproteobacteria,o:Thalassobaculales		0	0	47507	0	0
d:Bacteria,p:Proteobacteria,c:Alphaproteobacteria,o:Sphingomonadales		0	0	47507	0	0
d:Bacteria,p:Proteobacteria,c:Alphaproteobacteria,o:Sneathiellales		0	0	47507	0	0
d:Bacteria,p:Proteobacteria,c:Alphaproteobacteria,o:SAR11_clade		0	0	47507	0	0
d:Bacteria,p:Proteobacteria,c:Alphaproteobacteria,o:Rickettsiales	63.1483	0	63.1483	47507	0	0
d:Bacteria,p:Proteobacteria,c:Alphaproteobacteria,o:Rhodovibrionales		0	0	47507	0	0
d:Bacteria,p:Proteobacteria,c:Alphaproteobacteria,o:Rhodospirillales	4.5105	0	4.5105	47507	0	0
d:Bacteria,p:Proteobacteria,c:Alphaproteobacteria,o:Rhodobacterales	18.0423	0	18.0423	47507	0	0
d:Bacteria,p:Proteobacteria,c:Alphaproteobacteria,o:Rhizobiales		0	0	47507	0	0
d:Bacteria,p:Proteobacteria,c:Alphaproteobacteria,o:Reyranellales		0	0	47507	0	0
d:Bacteria,p:Proteobacteria,c:Alphaproteobacteria,o:Puniceispirillales		0	0	47507	0	0
d:Bacteria,p:Proteobacteria,c:Alphaproteobacteria,o:Parvibaculales		0	0	47507	0	0
d:Bacteria,p:Proteobacteria,c:Alphaproteobacteria,o:Paracaedibacterales		0	0	47507	0	0
d:Bacteria,p:Proteobacteria,c:Alphaproteobacteria,o:NRL2		0	0	47507	0	0
d:Bacteria,p:Proteobacteria,c:Alphaproteobacteria,o:Micropepsales		0	0	47507	0	0
d:Bacteria,p:Proteobacteria,c:Alphaproteobacteria,o:Micavibrionales		0	0	47507	0	0
d:Bacteria,p:Proteobacteria,c:Alphaproteobacteria,o:Kordiimonadales		0	0	47507	0	0
d:Bacteria,p:Proteobacteria,c:Alphaproteobacteria,o:Holosporales		0	0	47507	0	0
d:Bacteria,p:Proteobacteria,c:Alphaproteobacteria,o:Emcibacterales		0	0	47507	0	0
d:Bacteria,p:Proteobacteria,c:Alphaproteobacteria,o:Elsterales		0	0	47507	0	0
d:Bacteria,p:Proteobacteria,c:Alphaproteobacteria,o:Dstr-E11		0	0	47507	0	0
d:Bacteria,p:Proteobacteria,c:Alphaproteobacteria,o:Dongiales		0	0	47507	0	0
d:Bacteria,p:Proteobacteria,c:Alphaproteobacteria,o:Caedibacterales		0	0	47507	0	0
d:Bacteria,p:Proteobacteria,c:Alphaproteobacteria,o:Azospirillales		0	0	47507	0	0
d:Bacteria,p:Proteobacteria,c:Alphaproteobacteria,o:Alphaproteobacteria_Incertae_Sedis		0	0	47507	0	0
d:Bacteria,p:Proteobacteria,c:Alphaproteobacteria,o:Acetobacterales		0	0	47507	0	0
d:Bacteria,p:Poribacteria,c:uncultured_Poribacteria_bacterium,o:uncultured_Poribacteria_bacterium		0	0	47507	0	0
d:Bacteria,p:Poribacteria,c:uncultured_Firmicutes_bacterium,o:uncultured_Firmicutes_bacterium		0	0	47507	0	0
d:Bacteria,p:Poribacteria,c:uncultured_bacterium,o:uncultured_bacterium		0	0	47507	0	0
d:Bacteria,p:Poribacteria,c:marine_metagenome,o:marine_metagenome		0	0	47507	0	0
d:Bacteria,p:Poribacteria,c:Candidatus_Poribacteria_bacterium_WGA-4E,o:Candidatus_Poribacteria_bacterium_WGA-4E		0	0	47507	0	0
d:Bacteria,p:Planctomycetes,c:vadinHA49,o:wastewater_metagenome		0	0	47507	0	0
d:Bacteria,p:Planctomycetes,c:vadinHA49,o:uncultured_organism		0	0	47507	0	0
d:Bacteria,p:Planctomycetes,c:vadinHA49,o:uncultured_bacterium		0	0	47507	0	0
d:Bacteria,p:Planctomycetes,c:vadinHA49,o:metagenome		0	0	47507	0	0
d:Bacteria,p:Planctomycetes,c:SGST604,o:uncultured_organism		0	0	47507	0	0
d:Bacteria,p:Planctomycetes,c:SGST604,o:uncultured_microorganism		0	0	47507	0	0
d:Bacteria,p:Planctomycetes,c:Planctomycetacia,o:uncultured		0	0	47507	0	0
d:Bacteria,p:Planctomycetes,c:Planctomycetacia,o:Planctomycetales		0	0	47507	0	0
d:Bacteria,p:Planctomycetes,c:Planctomycetacia,o:Pirellulales		0	0	47507	0	0
d:Bacteria,p:Planctomycetes,c:Planctomycetacia,o:Isosphaerales		0	0	47507	0	0
d:Bacteria,p:Planctomycetes,c:Planctomycetacia,o:Gemmatales		0	0	47507	0	0
d:Bacteria,p:Planctomycetes,c:Pla4_lineage,o:uncultured_rumen_bacterium		0	0	47507	0	0
d:Bacteria,p:Planctomycetes,c:Pla4_lineage,o:uncultured_planctomycete		0	0	47507	0	0
d:Bacteria,p:Planctomycetes,c:Pla4_lineage,o:uncultured_organism		0	0	47507	0	0
d:Bacteria,p:Planctomycetes,c:Pla4_lineage,o:uncultured_bacterium		0	0	47507	0	0
d:Bacteria,p:Planctomycetes,c:Pla3_lineage,o:unidentified_bacterium_wb1_E15		0	0	47507	0	0
d:Bacteria,p:Planctomycetes,c:Pla3_lineage,o:uncultured_planctomycete		0	0	47507	0	0
d:Bacteria,p:Planctomycetes,c:Pla3_lineage,o:uncultured_organism		0	0	47507	0	0
d:Bacteria,p:Planctomycetes,c:Pla3_lineage,o:uncultured_bacterium		0	0	47507	0	0
d:Bacteria,p:Planctomycetes,c:Phycisphaerae,o:Tepidisphaerales		0	0	47507	0	0
d:Bacteria,p:Planctomycetes,c:Phycisphaerae,o:S-70		0	0	47507	0	0
d:Bacteria,p:Planctomycetes,c:Phycisphaerae,o:Pla1_lineage		0	0	47507	0	0
d:Bacteria,p:Planctomycetes,c:Phycisphaerae,o:Phycisphaerales		0	0	47507	0	0
d:Bacteria,p:Planctomycetes,c:Phycisphaerae,o:MSBL9		0	0	47507	0	0
d:Bacteria,p:Planctomycetes,c:Phycisphaerae,o:mle1-8		0	0	47507	0	0
d:Bacteria,p:Planctomycetes,c:Phycisphaerae,o:CCM11a		0	0	47507	0	0
d:Bacteria,p:Planctomycetes,c:Phycisphaerae,o:C86		0	0	47507	0	0
d:Bacteria,p:Planctomycetes,c:OM190,o:uncultured_planctomycete		0	0	47507	0	0
d:Bacteria,p:Planctomycetes,c:OM190,o:uncultured_Planctomyces_sp.		0	0	47507	0	0
d:Bacteria,p:Planctomycetes,c:OM190,o:uncultured_organism		0	0	47507	0	0
d:Bacteria,p:Planctomycetes,c:OM190,o:uncultured_marine_bacterium		0	0	47507	0	0
d:Bacteria,p:Planctomycetes,c:OM190,o:uncultured_bacterium		0	0	47507	0	0
d:Bacteria,p:Planctomycetes,c:OM190,o:metagenome		0	0	47507	0	0
d:Bacteria,p:Planctomycetes,c:OM190,o:hydrothermal_vent_metagenome		0	0	47507	0	0
d:Bacteria,p:Planctomycetes,c:Brocadiae,o:SM23-32		0	0	47507	0	0
d:Bacteria,p:Planctomycetes,c:Brocadiae,o:Brocadiales		0	0	47507	0	0
d:Bacteria,p:Planctomycetes,c:BD7-11,o:uncultured_Planctomycetia_bacterium		0	0	47507	0	0
d:Bacteria,p:Planctomycetes,c:BD7-11,o:uncultured_planctomycete		0	0	47507	0	0
d:Bacteria,p:Planctomycetes,c:BD7-11,o:uncultured_Planctomycetales_bacterium		0	0	47507	0	0
d:Bacteria,p:Planctomycetes,c:BD7-11,o:uncultured_Planctomycetaceae_bacterium		0	0	47507	0	0
d:Bacteria,p:Planctomycetes,c:BD7-11,o:uncultured_marine_bacterium		0	0	47507	0	0
d:Bacteria,p:Planctomycetes,c:BD7-11,o:uncultured_bacterium		0	0	47507	0	0
d:Bacteria,p:Planctomycetes,c:BD7-11,o:metagenome		0	0	47507	0	0
d:Bacteria,p:PAUC34f,c:uncultured_marine_bacterium,o:uncultured_marine_bacterium		0	0	47507	0	0
d:Bacteria,p:PAUC34f,c:uncultured_Deferribacteres_bacterium,o:uncultured_Deferribacteres_bacterium		0	0	47507	0	0
d:Bacteria,p:PAUC34f,c:uncultured_bacterium,o:uncultured_bacterium		0	0	47507	0	0
d:Bacteria,p:PAUC34f,c:uncultured_bacterium_HF0500_16O16,o:uncultured_bacterium_HF0500_16O16		0	0	47507	0	0
d:Bacteria,p:PAUC34f,c:uncultured_bacterium_HF0130_06E03,o:uncultured_bacterium_HF0130_06E03		0	0	47507	0	0
d:Bacteria,p:PAUC34f,c:marine_metagenome,o:marine_metagenome		0	0	47507	0	0
d:Bacteria,p:Patescibacteria,c:WWE3,o:uncultured_candidate_division_WWE3_bacterium		0	0	47507	0	0
d:Bacteria,p:Patescibacteria,c:WWE3,o:uncultured_bacterium		0	0	47507	0	0
d:Bacteria,p:Patescibacteria,c:WWE3,o:candidate_division_WWE3_bacterium_GW2011_GWD1_43_201		0	0	47507	0	0
d:Bacteria,p:Patescibacteria,c:WS6_(Dojkabacteria),o:uncultured_organism		0	0	47507	0	0
d:Bacteria,p:Patescibacteria,c:WS6_(Dojkabacteria),o:uncultured_eubacterium_WCHB1-01		0	0	47507	0	0
d:Bacteria,p:Patescibacteria,c:WS6_(Dojkabacteria),o:uncultured_candidate_division_WS6_bacterium		0	0	47507	0	0
d:Bacteria,p:Patescibacteria,c:WS6_(Dojkabacteria),o:uncultured_bacterium		0	0	47507	0	0
d:Bacteria,p:Patescibacteria,c:WS6_(Dojkabacteria),o:metagenome		0	0	47507	0	0
d:Bacteria,p:Patescibacteria,c:WS6_(Dojkabacteria),o:candidate_division_WS6_bacterium_GW2011_GWF2_39_15		0	0	47507	0	0
d:Bacteria,p:Patescibacteria,c:WS6_(Dojkabacteria),o:candidate_division_WS6_bacterium_GW2011_GWC2_36_7		0	0	47507	0	0
d:Bacteria,p:Patescibacteria,c:uncultured,o:uncultured_bacterium		0	0	47507	0	0
d:Bacteria,p:Patescibacteria,c:Saccharimonadia,o:Saccharimonadales		0	0	47507	0	0
d:Bacteria,p:Patescibacteria,c:Parcubacteria,o:uncultured_soil_bacterium		0	0	47507	0	0
d:Bacteria,p:Patescibacteria,c:Parcubacteria,o:uncultured_Parcubacteria_group_bacterium		0	0	47507	0	0
d:Bacteria,p:Patescibacteria,c:Parcubacteria,o:uncultured_organism		0	0	47507	0	0
d:Bacteria,p:Patescibacteria,c:Parcubacteria,o:uncultured_deep-sea_bacterium		0	0	47507	0	0
d:Bacteria,p:Patescibacteria,c:Parcubacteria,o:uncultured_bacterium		0	0	47507	0	0
d:Bacteria,p:Patescibacteria,c:Parcubacteria,o:Paceibacterales		0	0	47507	0	0
d:Bacteria,p:Patescibacteria,c:Parcubacteria,o:GWB1-42-6		0	0	47507	0	0
d:Bacteria,p:Patescibacteria,c:Parcubacteria,o:GWA2-38-13b		0	0	47507	0	0
d:Bacteria,p:Patescibacteria,c:Parcubacteria,o:GW2011-GWA2-46-7		0	0	47507	0	0
d:Bacteria,p:Patescibacteria,c:Parcubacteria,o:CG1-02-42-13		0	0	47507	0	0
d:Bacteria,p:Patescibacteria,c:Parcubacteria,o:Candidatus_Zambryskibacteria		0	0	47507	0	0
d:Bacteria,p:Patescibacteria,c:Parcubacteria,o:Candidatus_Yanofskybacteria		0	0	47507	0	0
d:Bacteria,p:Patescibacteria,c:Parcubacteria,o:Candidatus_Wolfebacteria		0	0	47507	0	0
d:Bacteria,p:Patescibacteria,c:Parcubacteria,o:Candidatus_Staskawiczbacteria		0	0	47507	0	0
d:Bacteria,p:Patescibacteria,c:Parcubacteria,o:Candidatus_Spechtbacteria		0	0	47507	0	0
d:Bacteria,p:Patescibacteria,c:Parcubacteria,o:Candidatus_Ryanbacteria		0	0	47507	0	0
d:Bacteria,p:Patescibacteria,c:Parcubacteria,o:Candidatus_Portnoybacteria		0	0	47507	0	0
d:Bacteria,p:Patescibacteria,c:Parcubacteria,o:Candidatus_Nomurabacteria		0	0	47507	0	0
d:Bacteria,p:Patescibacteria,c:Parcubacteria,o:Candidatus_Nealsonbacteria		0	0	47507	0	0
d:Bacteria,p:Patescibacteria,c:Parcubacteria,o:Candidatus_Moranbacteria		0	0	47507	0	0
d:Bacteria,p:Patescibacteria,c:Parcubacteria,o:Candidatus_Lloydbacteria		0	0	47507	0	0
d:Bacteria,p:Patescibacteria,c:Parcubacteria,o:Candidatus_Liptonbacteria		0	0	47507	0	0
d:Bacteria,p:Patescibacteria,c:Parcubacteria,o:Candidatus_Kaiserbacteria		0	0	47507	0	0
d:Bacteria,p:Patescibacteria,c:Parcubacteria,o:Candidatus_Jorgensenbacteria		0	0	47507	0	0
d:Bacteria,p:Patescibacteria,c:Parcubacteria,o:Candidatus_Colwellbacteria		0	0	47507	0	0
d:Bacteria,p:Patescibacteria,c:Parcubacteria,o:Candidatus_Campbellbacteria		0	0	47507	0	0
d:Bacteria,p:Patescibacteria,c:Parcubacteria,o:Candidatus_Azambacteria		0	0	47507	0	0
d:Bacteria,p:Patescibacteria,c:Microgenomatia,o:uncultured_bacterium		0	0	47507	0	0
d:Bacteria,p:Patescibacteria,c:Microgenomatia,o:Candidatus_Woykebacteria		0	0	47507	0	0
d:Bacteria,p:Patescibacteria,c:Microgenomatia,o:Candidatus_Woesebacteria		0	0	47507	0	0
d:Bacteria,p:Patescibacteria,c:Microgenomatia,o:Candidatus_Roizmanbacteria		0	0	47507	0	0
d:Bacteria,p:Patescibacteria,c:Microgenomatia,o:Candidatus_Pacebacteria		0	0	47507	0	0
d:Bacteria,p:Patescibacteria,c:Microgenomatia,o:Candidatus_Levybacteria		0	0	47507	0	0
d:Bacteria,p:Patescibacteria,c:Microgenomatia,o:Candidatus_Gottesmanbacteria		0	0	47507	0	0
d:Bacteria,p:Patescibacteria,c:Microgenomatia,o:Candidatus_Curtissbacteria		0	0	47507	0	0
d:Bacteria,p:Patescibacteria,c:Microgenomatia,o:Candidatus_Collierbacteria		0	0	47507	0	0
d:Bacteria,p:Patescibacteria,c:Microgenomatia,o:Candidatus_Chisholmbacteria		0	0	47507	0	0
d:Bacteria,p:Patescibacteria,c:Microgenomatia,o:Candidatus_Beckwithbacteria		0	0	47507	0	0
d:Bacteria,p:Patescibacteria,c:Microgenomatia,o:Candidatus_Amesbacteria		0	0	47507	0	0
d:Bacteria,p:Patescibacteria,c:Gracilibacteria,o:wastewater_metagenome		0	0	47507	0	0
d:Bacteria,p:Patescibacteria,c:Gracilibacteria,o:uncultured_soil_bacterium		0	0	47507	0	0
d:Bacteria,p:Patescibacteria,c:Gracilibacteria,o:uncultured_prokaryote		0	0	47507	0	0
d:Bacteria,p:Patescibacteria,c:Gracilibacteria,o:uncultured_organism		0	0	47507	0	0
d:Bacteria,p:Patescibacteria,c:Gracilibacteria,o:uncultured_Microgenomates_group_bacterium		0	0	47507	0	0
d:Bacteria,p:Patescibacteria,c:Gracilibacteria,o:uncultured_Flavobacterium_sp.		0	0	47507	0	0
d:Bacteria,p:Patescibacteria,c:Gracilibacteria,o:uncultured_deep-sea_bacterium		0	0	47507	0	0
d:Bacteria,p:Patescibacteria,c:Gracilibacteria,o:uncultured_Candidatus_Gracilibacteria_bacterium		0	0	47507	0	0
d:Bacteria,p:Patescibacteria,c:Gracilibacteria,o:uncultured_bacterium		0	0	47507	0	0
d:Bacteria,p:Patescibacteria,c:Gracilibacteria,o:marine_metagenome	4.5105	0	4.5105	47507	0	0
d:Bacteria,p:Patescibacteria,c:Gracilibacteria,o:JGI_0000069-P22		0	0	47507	0	0
d:Bacteria,p:Patescibacteria,c:Gracilibacteria,o:Gracilibacteria_bacterium_oral_taxon_873		0	0	47507	0	0
d:Bacteria,p:Patescibacteria,c:Gracilibacteria,o:Candidatus_Peribacteria		0	0	47507	0	0
d:Bacteria,p:Patescibacteria,c:Gracilibacteria,o:Candidatus_Peregrinibacteria_bacterium_GW2011_GWA2_47_7		0	0	47507	0	0
d:Bacteria,p:Patescibacteria,c:Gracilibacteria,o:Candidatus_Peregrinibacteria	4.5105	0	4.5105	47507	0	0
d:Bacteria,p:Patescibacteria,c:Gracilibacteria,o:Candidatus_Abawacabacteria		0	0	47507	0	0
d:Bacteria,p:Patescibacteria,c:Gracilibacteria,o:Absconditabacteriales_(SR1)		0	0	47507	0	0
d:Bacteria,p:Patescibacteria,c:CPR2,o:uncultured_microorganism		0	0	47507	0	0
d:Bacteria,p:Patescibacteria,c:CPR2,o:uncultured_Clostridium_sp.		0	0	47507	0	0
d:Bacteria,p:Patescibacteria,c:CPR2,o:uncultured_bacterium		0	0	47507	0	0
d:Bacteria,p:Patescibacteria,c:CPR2,o:candidate_division_CPR2_bacterium_GW2011_GWC2_39_35		0	0	47507	0	0
d:Bacteria,p:Patescibacteria,c:Berkelbacteria,o:uncultured_bacterium		0	0	47507	0	0
d:Bacteria,p:Patescibacteria,c:Berkelbacteria,o:Candidatus_Berkelbacteria_bacterium_CG1_02_42_45		0	0	47507	0	0
d:Bacteria,p:Patescibacteria,c:ABY1,o:Candidatus_Uhrbacteria		0	0	47507	0	0
d:Bacteria,p:Patescibacteria,c:ABY1,o:Candidatus_Magasanikbacteria		0	0	47507	0	0
d:Bacteria,p:Patescibacteria,c:ABY1,o:Candidatus_Kuenenbacteria		0	0	47507	0	0
d:Bacteria,p:Patescibacteria,c:ABY1,o:Candidatus_Komeilibacteria		0	0	47507	0	0
d:Bacteria,p:Patescibacteria,c:ABY1,o:Candidatus_Kerfeldbacteria		0	0	47507	0	0
d:Bacteria,p:Patescibacteria,c:ABY1,o:Candidatus_Falkowbacteria		0	0	47507	0	0
d:Bacteria,p:Patescibacteria,c:ABY1,o:Candidatus_Buchananbacteria		0	0	47507	0	0
d:Bacteria,p:Omnitrophicaeota,c:uncultured_soil_bacterium_PBS-87,o:uncultured_soil_bacterium_PBS-87		0	0	47507	0	0
d:Bacteria,p:Omnitrophicaeota,c:uncultured_prokaryote,o:uncultured_prokaryote		0	0	47507	0	0
d:Bacteria,p:Omnitrophicaeota,c:uncultured_planctomycete,o:uncultured_planctomycete		0	0	47507	0	0
d:Bacteria,p:Omnitrophicaeota,c:uncultured_Omnitrophica_bacterium,o:uncultured_Omnitrophica_bacterium		0	0	47507	0	0
d:Bacteria,p:Omnitrophicaeota,c:uncultured_bacterium,o:uncultured_bacterium		0	0	47507	0	0
d:Bacteria,p:Omnitrophicaeota,c:Omnitrophia,o:uncultured_Omnitrophica_bacterium		0	0	47507	0	0
d:Bacteria,p:Omnitrophicaeota,c:Omnitrophia,o:uncultured_bacterium		0	0	47507	0	0
d:Bacteria,p:Omnitrophicaeota,c:Omnitrophia,o:Omnitrophales		0	0	47507	0	0
d:Bacteria,p:Nitrospirae,c:Thermodesulfovibrionia,o:uncultured	4.5105	0	4.5105	47507	0	0
d:Bacteria,p:Nitrospirae,c:Thermodesulfovibrionia,o:Thermodesulfovibrionales		0	0	47507	0	0
d:Bacteria,p:Nitrospirae,c:Nitrospira,o:Nitrospirales	4.5105	0	4.5105	47507	0	0
d:Bacteria,p:Nitrospirae,c:BMS9AB35,o:uncultured_delta_proteobacterium_GR-296.I.86		0	0	47507	0	0
d:Bacteria,p:Nitrospirae,c:BMS9AB35,o:uncultured_delta_proteobacterium		0	0	47507	0	0
d:Bacteria,p:Nitrospirae,c:BMS9AB35,o:uncultured_bacterium_GR-296.I.52		0	0	47507	0	0
d:Bacteria,p:Nitrospirae,c:BMS9AB35,o:uncultured_bacterium	18.0423	0	18.0423	47507	0	0
d:Bacteria,p:Nitrospirae,c:4-29-1,o:uncultured_bacterium		0	0	47507	0	0
d:Bacteria,p:Nitrospinae,c:P9X2b3D02,o:uncultured_Nitrospinaceae_bacterium		0	0	47507	0	0
d:Bacteria,p:Nitrospinae,c:P9X2b3D02,o:uncultured_delta_proteobacterium		0	0	47507	0	0
d:Bacteria,p:Nitrospinae,c:P9X2b3D02,o:uncultured_bacterium		0	0	47507	0	0
d:Bacteria,p:Nitrospinae,c:Nitrospinia,o:Nitrospinales		0	0	47507	0	0
d:Bacteria,p:Modulibacteria,c:Moduliflexia,o:Moduliflexales		0	0	47507	0	0
d:Bacteria,p:MAT-CR-M4-B07,c:uncultured_organism,o:uncultured_organism		0	0	47507	0	0
d:Bacteria,p:Marinimicrobia_(SAR406_clade),c:unidentified_marine_bacterioplankton,o:unidentified_marine_bacterioplankton		0	0	47507	0	0
d:Bacteria,p:Marinimicrobia_(SAR406_clade),c:uncultured_organism,o:uncultured_organism		0	0	47507	0	0
d:Bacteria,p:Marinimicrobia_(SAR406_clade),c:uncultured_marine_microorganism,o:uncultured_marine_microorganism		0	0	47507	0	0
d:Bacteria,p:Marinimicrobia_(SAR406_clade),c:uncultured_marine_bacterium,o:uncultured_marine_bacterium		0	0	47507	0	0
d:Bacteria,p:Marinimicrobia_(SAR406_clade),c:uncultured_gamma_proteobacterium,o:uncultured_gamma_proteobacterium		0	0	47507	0	0
d:Bacteria,p:Marinimicrobia_(SAR406_clade),c:uncultured_Fibrobacteres/Acidobacteria_group_bacterium,o:uncultured_Fibrobacteres/Acidobacteria_group_bacterium		0	0	47507	0	0
d:Bacteria,p:Marinimicrobia_(SAR406_clade),c:uncultured_eubacterium_OCS146,o:uncultured_eubacterium_OCS146		0	0	47507	0	0
d:Bacteria,p:Marinimicrobia_(SAR406_clade),c:uncultured_delta_proteobacterium,o:uncultured_delta_proteobacterium		0	0	47507	0	0
d:Bacteria,p:Marinimicrobia_(SAR406_clade),c:uncultured_Deferribacteres_bacterium,o:uncultured_Deferribacteres_bacterium		0	0	47507	0	0
d:Bacteria,p:Marinimicrobia_(SAR406_clade),c:uncultured_Candidatus_Marinimicrobia_bacterium,o:uncultured_Candidatus_Marinimicrobia_bacterium		0	0	47507	0	0
d:Bacteria,p:Marinimicrobia_(SAR406_clade),c:uncultured_Bacteroidetes/Chlorobi_group_bacterium,o:uncultured_Bacteroidetes/Chlorobi_group_bacterium		0	0	47507	0	0
d:Bacteria,p:Marinimicrobia_(SAR406_clade),c:uncultured_bacterium,o:uncultured_bacterium		0	0	47507	0	0
d:Bacteria,p:Marinimicrobia_(SAR406_clade),c:uncultured_bacterium_MB13C05,o:uncultured_bacterium_MB13C05		0	0	47507	0	0
d:Bacteria,p:Marinimicrobia_(SAR406_clade),c:metagenome,o:metagenome		0	0	47507	0	0
d:Bacteria,p:Marinimicrobia_(SAR406_clade),c:Marinimicrobia_bacterium_TCS57,o:Marinimicrobia_bacterium_TCS57		0	0	47507	0	0
d:Bacteria,p:Marinimicrobia_(SAR406_clade),c:Marinimicrobia_bacterium_SCGC_AAA160-I06,o:Marinimicrobia_bacterium_SCGC_AAA160-I06		0	0	47507	0	0
d:Bacteria,p:Marinimicrobia_(SAR406_clade),c:Marinimicrobia_bacterium_SCGC_AAA003-L08,o:Marinimicrobia_bacterium_SCGC_AAA003-L08		0	0	47507	0	0
d:Bacteria,p:Marinimicrobia_(SAR406_clade),c:Marinimicrobia_bacterium_46_47,o:Marinimicrobia_bacterium_46_47		0	0	47507	0	0
d:Bacteria,p:Marinimicrobia_(SAR406_clade),c:marine_metagenome,o:marine_metagenome		0	0	47507	0	0
d:Bacteria,p:Marinimicrobia_(SAR406_clade),c:hydrothermal_vent_metagenome,o:hydrothermal_vent_metagenome		0	0	47507	0	0
d:Bacteria,p:Margulisbacteria,c:uncultured_organism,o:uncultured_organism		0	0	47507	0	0
d:Bacteria,p:Margulisbacteria,c:uncultured_marine_cyanobacterium,o:uncultured_marine_cyanobacterium		0	0	47507	0	0
d:Bacteria,p:Margulisbacteria,c:uncultured_marine_bacterium,o:uncultured_marine_bacterium		0	0	47507	0	0
d:Bacteria,p:Margulisbacteria,c:uncultured_delta_proteobacterium,o:uncultured_delta_proteobacterium		0	0	47507	0	0
d:Bacteria,p:Margulisbacteria,c:uncultured_Candidatus_Marinimicrobia_bacterium,o:uncultured_Candidatus_Marinimicrobia_bacterium		0	0	47507	0	0
d:Bacteria,p:Margulisbacteria,c:uncultured_candidate_division_ZB3_bacterium,o:uncultured_candidate_division_ZB3_bacterium		0	0	47507	0	0
d:Bacteria,p:Margulisbacteria,c:uncultured_bacterium,o:uncultured_bacterium		0	0	47507	0	0
d:Bacteria,p:Margulisbacteria,c:metagenome,o:metagenome		0	0	47507	0	0
d:Bacteria,p:Margulisbacteria,c:marine_metagenome,o:marine_metagenome		0	0	47507	0	0
d:Bacteria,p:Lentisphaerae,c:Oligosphaeria,o:SS1-B-02-17		0	0	47507	0	0
d:Bacteria,p:Lentisphaerae,c:Oligosphaeria,o:P.palmC41		0	0	47507	0	0
d:Bacteria,p:Lentisphaerae,c:Oligosphaeria,o:Oligosphaerales		0	0	47507	0	0
d:Bacteria,p:Lentisphaerae,c:Lentisphaeria,o:Victivallales		0	0	47507	0	0
d:Bacteria,p:Lentisphaerae,c:Lentisphaeria,o:Lentisphaerales		0	0	47507	0	0
d:Bacteria,p:LCP-89,c:uncultured_bacterium,o:uncultured_bacterium		0	0	47507	0	0
d:Bacteria,p:Latescibacteria,c:uncultured_organism,o:uncultured_organism		0	0	47507	0	0
d:Bacteria,p:Latescibacteria,c:uncultured_Latescibacteria_bacterium,o:uncultured_Latescibacteria_bacterium		0	0	47507	0	0
d:Bacteria,p:Latescibacteria,c:uncultured_bacterium,o:uncultured_bacterium		0	0	47507	0	0
d:Bacteria,p:Latescibacteria,c:Latescibacteria,o:Latescibacterales		0	0	47507	0	0
d:Bacteria,p:Latescibacteria,c:Latescibacteria_bacterium_DG_63,o:Latescibacteria_bacterium_DG_63		0	0	47507	0	0
d:Bacteria,p:Latescibacteria,c:bacterium_enrichment_culture_clone_58,o:bacterium_enrichment_culture_clone_58		0	0	47507	0	0
d:Bacteria,p:Kiritimatiellaeota,c:Kiritimatiellae,o:WCHB1-41		0	0	47507	0	0
d:Bacteria,p:Kiritimatiellaeota,c:Kiritimatiellae,o:Kiritimatiellales		0	0	47507	0	0
d:Bacteria,p:Kiritimatiellaeota,c:Kiritimatiellae,o:113B434		0	0	47507	0	0
d:Bacteria,p:Hydrogenedentes,c:Hydrogenedentia,o:Hydrogenedentiales		0	0	47507	0	0
d:Bacteria,p:Halanaerobiaeota,c:Halanaerobiia,o:Halanaerobiales		0	0	47507	0	0
d:Bacteria,p:GN01,c:uncultured_bacterium,o:uncultured_bacterium		0	0	47507	0	0
d:Bacteria,p:Gemmatimonadetes,c:S0134_terrestrial_group,o:uncultured_bacterium		0	0	47507	0	0
d:Bacteria,p:Gemmatimonadetes,c:PAUC43f_marine_benthic_group,o:uncultured_bacterium		0	0	47507	0	0
d:Bacteria,p:Gemmatimonadetes,c:MD2902-B12,o:uncultured_organism		0	0	47507	0	0
d:Bacteria,p:Gemmatimonadetes,c:Longimicrobia,o:Longimicrobiales		0	0	47507	0	0
d:Bacteria,p:Gemmatimonadetes,c:Gemmatimonadetes,o:Gemmatimonadales		0	0	47507	0	0
d:Bacteria,p:Gemmatimonadetes,c:BD2-11_terrestrial_group,o:uncultured_sediment_bacterium		0	0	47507	0	0
d:Bacteria,p:Gemmatimonadetes,c:BD2-11_terrestrial_group,o:uncultured_organism		0	0	47507	0	0
d:Bacteria,p:Gemmatimonadetes,c:BD2-11_terrestrial_group,o:uncultured_Gemmatimonadetes_bacterium		0	0	47507	0	0
d:Bacteria,p:Gemmatimonadetes,c:BD2-11_terrestrial_group,o:uncultured_Gemmatimonadales_bacterium		0	0	47507	0	0
d:Bacteria,p:Gemmatimonadetes,c:BD2-11_terrestrial_group,o:uncultured_Gemmatimonadaceae_bacterium		0	0	47507	0	0
d:Bacteria,p:Gemmatimonadetes,c:BD2-11_terrestrial_group,o:uncultured_bacterium_AD66-C11		0	0	47507	0	0
d:Bacteria,p:Gemmatimonadetes,c:BD2-11_terrestrial_group,o:uncultured_bacterium_AD254-A9		0	0	47507	0	0
d:Bacteria,p:Gemmatimonadetes,c:BD2-11_terrestrial_group,o:uncultured_bacterium		0	0	47507	0	0
d:Bacteria,p:Gemmatimonadetes,c:BD2-11_terrestrial_group,o:metagenome		0	0	47507	0	0
d:Bacteria,p:GAL15,c:uncultured_bacterium,o:uncultured_bacterium		0	0	47507	0	0
d:Bacteria,p:Fusobacteria,c:Fusobacteriia,o:Fusobacteriales		0	0	47507	0	0
d:Bacteria,p:Firmicutes,c:Negativicutes,o:Selenomonadales		0	0	47507	0	0
d:Bacteria,p:Firmicutes,c:Limnochordia,o:Limnochordales		0	0	47507	0	0
d:Bacteria,p:Firmicutes,c:Erysipelotrichia,o:Erysipelotrichales		0	0	47507	0	0
d:Bacteria,p:Firmicutes,c:Clostridia,o:Thermolithobacterales		0	0	47507	0	0
d:Bacteria,p:Firmicutes,c:Clostridia,o:Thermoanaerobacterales		0	0	47507	0	0
d:Bacteria,p:Firmicutes,c:Clostridia,o:Natranaerobiales		0	0	47507	0	0
d:Bacteria,p:Firmicutes,c:Clostridia,o:MBA03		0	0	47507	0	0
d:Bacteria,p:Firmicutes,c:Clostridia,o:M55-D21		0	0	47507	0	0
d:Bacteria,p:Firmicutes,c:Clostridia,o:DTU014		0	0	47507	0	0
d:Bacteria,p:Firmicutes,c:Clostridia,o:D8A-2		0	0	47507	0	0
d:Bacteria,p:Firmicutes,c:Clostridia,o:Clostridiales	13.5317	0	13.5317	47507	0	0
d:Bacteria,p:Firmicutes,c:Clostridia,o:Clostridia_Incertae_Sedis		0	0	47507	0	0
d:Bacteria,p:Firmicutes,c:BRH-c20a,o:uncultured_bacterium		0	0	47507	0	0
d:Bacteria,p:Firmicutes,c:Bacilli,o:uncultured		0	0	47507	0	0
d:Bacteria,p:Firmicutes,c:Bacilli,o:Lactobacillales		0	0	47507	0	0
d:Bacteria,p:Firmicutes,c:Bacilli,o:Bacillales		0	0	47507	0	0
d:Bacteria,p:Fibrobacteres,c:Fibrobacteria,o:Fibrobacterales		0	0	47507	0	0
d:Bacteria,p:Fibrobacteres,c:Chitinivibrionia,o:uncultured		0	0	47507	0	0
d:Bacteria,p:Fibrobacteres,c:Chitinivibrionia,o:Chitinivibrionia_Incertae_Sedis		0	0	47507	0	0
d:Bacteria,p:Fibrobacteres,c:Chitinivibrionia,o:Chitinivibrionales		0	0	47507	0	0
d:Bacteria,p:FCPU426,c:uncultured_microorganism,o:uncultured_microorganism		0	0	47507	0	0
d:Bacteria,p:FCPU426,c:uncultured_bacterium,o:uncultured_bacterium		0	0	47507	0	0
d:Bacteria,p:FBP,c:uncultured_soil_bacterium,o:uncultured_soil_bacterium		0	0	47507	0	0
d:Bacteria,p:FBP,c:uncultured_bacterium,o:uncultured_bacterium		0	0	47507	0	0
d:Bacteria,p:Epsilonbacteraeota,c:Desulfurellia,o:Desulfurellales		0	0	47507	0	0
d:Bacteria,p:Epsilonbacteraeota,c:Campylobacteria,o:Nautiliales		0	0	47507	0	0
d:Bacteria,p:Epsilonbacteraeota,c:Campylobacteria,o:Campylobacterales		0	0	47507	0	0
d:Bacteria,p:Entotheonellaeota,c:Entotheonellia,o:Entotheonellales		0	0	47507	0	0
d:Bacteria,p:Elusimicrobia,c:Rs-M47,o:uncultured_bacterium		0	0	47507	0	0
d:Bacteria,p:Elusimicrobia,c:Lineage_IIc,o:uncultured_bacterium		0	0	47507	0	0
d:Bacteria,p:Elusimicrobia,c:Lineage_IIc,o:Elusimicrobia_bacterium_RIFCSPHIGHO2_02_FULL_39_36		0	0	47507	0	0
d:Bacteria,p:Elusimicrobia,c:Lineage_IIb,o:uncultured_bacterium		0	0	47507	0	0
d:Bacteria,p:Elusimicrobia,c:Lineage_IIa,o:metagenome		0	0	47507	0	0
d:Bacteria,p:Elusimicrobia,c:Lineage_IIa,o:bacterium_LWH54		0	0	47507	0	0
d:Bacteria,p:Elusimicrobia,c:Endomicrobia,o:Endomicrobiales		0	0	47507	0	0
d:Bacteria,p:Elusimicrobia,c:Elusimicrobia,o:Lineage_IV		0	0	47507	0	0
d:Bacteria,p:Elusimicrobia,c:Elusimicrobia,o:FCPU453		0	0	47507	0	0
d:Bacteria,p:Elusimicrobia,c:Elusimicrobia,o:Elusimicrobiales		0	0	47507	0	0
d:Bacteria,p:Elusimicrobia,c:4-29,o:uncultured_bacterium		0	0	47507	0	0
d:Bacteria,p:Desantisbacteria,c:uncultured_bacterium,o:uncultured_bacterium		0	0	47507	0	0
d:Bacteria,p:Desantisbacteria,c:Candidatus_Desantisbacteria_bacterium_CG1_02_49_89,o:Candidatus_Desantisbacteria_bacterium_CG1_02_49_89		0	0	47507	0	0
d:Bacteria,p:Dependentiae,c:Babeliae,o:Babeliales		0	0	47507	0	0
d:Bacteria,p:Deinococcus-Thermus,c:Deinococci,o:Thermales		0	0	47507	0	0
d:Bacteria,p:Deinococcus-Thermus,c:Deinococci,o:Deinococcales		0	0	47507	0	0
d:Bacteria,p:Deferribacteres,c:Deferribacteres,o:Deferribacterales		0	0	47507	0	0
d:Bacteria,p:Dadabacteria,c:Dadabacteriia,o:Dadabacteriales		0	0	47507	0	0
d:Bacteria,p:Cyanobacteria,c:WD272,o:uncultured		0	0	47507	0	0
d:Bacteria,p:Cyanobacteria,c:SM2F09,o:uncultured	4.5105	0	4.5105	47507	0	0
d:Bacteria,p:Cyanobacteria,c:SM1D11,o:uncultured		0	0	47507	0	0
d:Bacteria,p:Cyanobacteria,c:SHA-109,o:uncultured		0	0	47507	0	0
d:Bacteria,p:Cyanobacteria,c:Sericytochromatia,o:unidentified		0	0	47507	0	0
d:Bacteria,p:Cyanobacteria,c:Sericytochromatia,o:uncultured_bacterium		0	0	47507	0	0
d:Bacteria,p:Cyanobacteria,c:Sericytochromatia,o:metagenome		0	0	47507	0	0
d:Bacteria,p:Cyanobacteria,c:QB36,o:uncultured		0	0	47507	0	0
d:Bacteria,p:Cyanobacteria,c:Oxyphotobacteria,o:Thermosynechococcales		0	0	47507	0	0
d:Bacteria,p:Cyanobacteria,c:Oxyphotobacteria,o:SepB-3		0	0	47507	0	0
d:Bacteria,p:Cyanobacteria,c:Oxyphotobacteria,o:Rhabdogloea_smithii_SAG_47.91		0	0	47507	0	0
d:Bacteria,p:Cyanobacteria,c:Oxyphotobacteria,o:RD017		0	0	47507	0	0
d:Bacteria,p:Cyanobacteria,c:Oxyphotobacteria,o:RD011		0	0	47507	0	0
d:Bacteria,p:Cyanobacteria,c:Oxyphotobacteria,o:Pseudanabaenales		0	0	47507	0	0
d:Bacteria,p:Cyanobacteria,c:Oxyphotobacteria,o:Phormidesmiales		0	0	47507	0	0
d:Bacteria,p:Cyanobacteria,c:Oxyphotobacteria,o:Oxyphotobacteria_Incertae_Sedis		0	0	47507	0	0
d:Bacteria,p:Cyanobacteria,c:Oxyphotobacteria,o:Nostocales		0	0	47507	0	0
d:Bacteria,p:Cyanobacteria,c:Oxyphotobacteria,o:Limnotrichales		0	0	47507	0	0
d:Bacteria,p:Cyanobacteria,c:Oxyphotobacteria,o:Leptolyngbyales	9.0211	0	9.0211	47507	0	0
d:Bacteria,p:Cyanobacteria,c:Oxyphotobacteria,o:Gloeobacterales		0	0	47507	0	0
d:Bacteria,p:Cyanobacteria,c:Oxyphotobacteria,o:Geitlerinematales		0	0	47507	0	0
d:Bacteria,p:Cyanobacteria,c:Oxyphotobacteria,o:Fr127		0	0	47507	0	0
d:Bacteria,p:Cyanobacteria,c:Oxyphotobacteria,o:Eurycoccales		0	0	47507	0	0
d:Bacteria,p:Cyanobacteria,c:ML635J-21,o:uncultured		0	0	47507	0	0
d:Bacteria,p:Cyanobacteria,c:Melainabacteria,o:Vampirovibrionales		0	0	47507	0	0
d:Bacteria,p:Cyanobacteria,c:Melainabacteria,o:Gastranaerophilales		0	0	47507	0	0
d:Bacteria,p:Cyanobacteria,c:Melainabacteria,o:Caenarcaniphilales		0	0	47507	0	0
d:Bacteria,p:Cyanobacteria,c:Cyanobacteria,o:uncultured		0	0	47507	0	0
d:Bacteria,p:Cyanobacteria,c:Cyanobacteria,o:Synechococcus	4.5105	0	4.5105	47507	0	0
d:Bacteria,p:Cyanobacteria,c:Cyanobacteria,o:SubsectionV		0	0	47507	0	0
d:Bacteria,p:Cyanobacteria,c:Cyanobacteria,o:SubsectionIV	13.5317	0	13.5317	47507	0	0
d:Bacteria,p:Cyanobacteria,c:Cyanobacteria,o:SubsectionIII	27.0635	0	27.0635	47507	0	0
d:Bacteria,p:Cyanobacteria,c:Cyanobacteria,o:SubsectionII		0	0	47507	0	0
d:Bacteria,p:Cyanobacteria,c:Cyanobacteria,o:SubgroupI		0	0	47507	0	0
d:Bacteria,p:Cyanobacteria,c:Cyanobacteria,o:Phormidium		0	0	47507	0	0
d:Bacteria,p:Cyanobacteria,c:4C0d-2,o:uncultured	9.0211	0	9.0211	47507	0	0
d:Bacteria,p:Coprothermobacteraeota,c:Coprothermobacteria,o:Coprothermobacterales		0	0	47507	0	0
d:Bacteria,p:Cloacimonetes,c:Cloacimonadia,o:MSBL2		0	0	47507	0	0
d:Bacteria,p:Cloacimonetes,c:Cloacimonadia,o:Cloacimonadales		0	0	47507	0	0
d:Bacteria,p:CK-2C2-2,c:uncultured_bacterium,o:uncultured_bacterium		0	0	47507	0	0
d:Bacteria,p:Chrysiogenetes,c:Chrysiogenetes,o:Chrysiogenales		0	0	47507	0	0
d:Bacteria,p:Chloroflexi,c:uncultured_bacterium,o:uncultured_bacterium		0	0	47507	0	0
d:Bacteria,p:Chloroflexi,c:TK17,o:uncultured_Chloroflexi_bacterium		0	0	47507	0	0
d:Bacteria,p:Chloroflexi,c:TK17,o:uncultured_bacterium		0	0	47507	0	0
d:Bacteria,p:Chloroflexi,c:TK10,o:uncultured_bacterium		0	0	47507	0	0
d:Bacteria,p:Chloroflexi,c:TK10,o:metagenome		0	0	47507	0	0
d:Bacteria,p:Chloroflexi,c:SL56_marine_group,o:uncultured_bacterium		0	0	47507	0	0
d:Bacteria,p:Chloroflexi,c:OLB14,o:metagenome		0	0	47507	0	0
d:Bacteria,p:Chloroflexi,c:Ktedonobacteria,o:MVP-21		0	0	47507	0	0
d:Bacteria,p:Chloroflexi,c:Ktedonobacteria,o:Ktedonobacterales		0	0	47507	0	0
d:Bacteria,p:Chloroflexi,c:Ktedonobacteria,o:C0119		0	0	47507	0	0
d:Bacteria,p:Chloroflexi,c:KD4-96,o:uncultured_Gram-positive_bacterium		0	0	47507	0	0
d:Bacteria,p:Chloroflexi,c:KD4-96,o:uncultured_bacterium		0	0	47507	0	0
d:Bacteria,p:Chloroflexi,c:JG30-KF-CM66,o:uncultured_Chloroflexi_bacterium		0	0	47507	0	0
d:Bacteria,p:Chloroflexi,c:JG30-KF-CM66,o:uncultured_Caldilinea_sp.		0	0	47507	0	0
d:Bacteria,p:Chloroflexi,c:JG30-KF-CM66,o:uncultured_bacterium		0	0	47507	0	0
d:Bacteria,p:Chloroflexi,c:JG30-KF-CM66,o:metagenome		0	0	47507	0	0
d:Bacteria,p:Chloroflexi,c:JG30-KF-CM66,o:marine_metagenome		0	0	47507	0	0
d:Bacteria,p:Chloroflexi,c:Dehalococcoidia,o:vadinBA26		0	0	47507	0	0
d:Bacteria,p:Chloroflexi,c:Dehalococcoidia,o:uncultured_bacterium		0	0	47507	0	0
d:Bacteria,p:Chloroflexi,c:Dehalococcoidia,o:t0.6.f		0	0	47507	0	0
d:Bacteria,p:Chloroflexi,c:Dehalococcoidia,o:SPG12-343-353-B75		0	0	47507	0	0
d:Bacteria,p:Chloroflexi,c:Dehalococcoidia,o:Sh765B-AG-111		0	0	47507	0	0
d:Bacteria,p:Chloroflexi,c:Dehalococcoidia,o:SAR202_clade		0	0	47507	0	0
d:Bacteria,p:Chloroflexi,c:Dehalococcoidia,o:S085		0	0	47507	0	0
d:Bacteria,p:Chloroflexi,c:Dehalococcoidia,o:Napoli-4B-65		0	0	47507	0	0
d:Bacteria,p:Chloroflexi,c:Dehalococcoidia,o:MSBL5		0	0	47507	0	0
d:Bacteria,p:Chloroflexi,c:Dehalococcoidia,o:MB-C2-126	4.5105	0	4.5105	47507	0	0
d:Bacteria,p:Chloroflexi,c:Dehalococcoidia,o:GIF9		0	0	47507	0	0
d:Bacteria,p:Chloroflexi,c:Dehalococcoidia,o:GIF3		0	0	47507	0	0
d:Bacteria,p:Chloroflexi,c:Dehalococcoidia,o:FW22		0	0	47507	0	0
d:Bacteria,p:Chloroflexi,c:Dehalococcoidia,o:Dehalococcoidales		0	0	47507	0	0
d:Bacteria,p:Chloroflexi,c:Dehalococcoidia,o:661239		0	0	47507	0	0
d:Bacteria,p:Chloroflexi,c:Chloroflexia,o:Thermomicrobiales		0	0	47507	0	0
d:Bacteria,p:Chloroflexi,c:Chloroflexia,o:Kallotenuales		0	0	47507	0	0
d:Bacteria,p:Chloroflexi,c:Chloroflexia,o:Chloroflexales		0	0	47507	0	0
d:Bacteria,p:Chloroflexi,c:Anaerolineae,o:uncultured		0	0	47507	0	0
d:Bacteria,p:Chloroflexi,c:Anaerolineae,o:Thermoflexales		0	0	47507	0	0
d:Bacteria,p:Chloroflexi,c:Anaerolineae,o:SJA-15		0	0	47507	0	0
d:Bacteria,p:Chloroflexi,c:Anaerolineae,o:SBR1031		0	0	47507	0	0
d:Bacteria,p:Chloroflexi,c:Anaerolineae,o:RBG-13-54-9		0	0	47507	0	0
d:Bacteria,p:Chloroflexi,c:Anaerolineae,o:Caldilineales		0	0	47507	0	0
d:Bacteria,p:Chloroflexi,c:Anaerolineae,o:Ardenticatenales		0	0	47507	0	0
d:Bacteria,p:Chloroflexi,c:Anaerolineae,o:Anaerolineales		0	0	47507	0	0
d:Bacteria,p:Chloroflexi,c:Anaerolineae,o:ADurb.Bin180		0	0	47507	0	0
d:Bacteria,p:Chloroflexi,c:AD3,o:uncultured_bacterium		0	0	47507	0	0
d:Bacteria,p:Chlamydiae,c:LD1-PA32,o:uncultured_organism		0	0	47507	0	0
d:Bacteria,p:Chlamydiae,c:LD1-PA32,o:uncultured_Clostridiales_bacterium		0	0	47507	0	0
d:Bacteria,p:Chlamydiae,c:LD1-PA32,o:uncultured_bacterium		0	0	47507	0	0
d:Bacteria,p:Chlamydiae,c:LD1-PA32,o:metagenome		0	0	47507	0	0
d:Bacteria,p:Chlamydiae,c:Chlamydiae,o:Chlamydiales		0	0	47507	0	0
d:Bacteria,p:Calescamantes,c:Calescibacteriia,o:Calescibacteriales		0	0	47507	0	0
d:Bacteria,p:Calditrichaeota,c:Calditrichia,o:Calditrichales		0	0	47507	0	0
d:Bacteria,p:Caldiserica,c:Caldisericia,o:Caldisericales		0	0	47507	0	0
d:Bacteria,p:BRC1,c:uncultured_organism,o:uncultured_organism		0	0	47507	0	0
d:Bacteria,p:BRC1,c:uncultured_bacterium,o:uncultured_bacterium		0	0	47507	0	0
d:Bacteria,p:BRC1,c:metagenome,o:metagenome		0	0	47507	0	0
d:Bacteria,p:Bacteroidetes,c:Rhodothermia,o:Rhodothermales		0	0	47507	0	0
d:Bacteria,p:Bacteroidetes,c:Rhodothermia,o:Balneolales		0	0	47507	0	0
d:Bacteria,p:Bacteroidetes,c:OC31,o:uncultured_bacterium		0	0	47507	0	0
d:Bacteria,p:Bacteroidetes,c:Ignavibacteria,o:SJA-28		0	0	47507	0	0
d:Bacteria,p:Bacteroidetes,c:Ignavibacteria,o:OPB56		0	0	47507	0	0
d:Bacteria,p:Bacteroidetes,c:Ignavibacteria,o:Kryptoniales		0	0	47507	0	0
d:Bacteria,p:Bacteroidetes,c:Ignavibacteria,o:Ignavibacteriales		0	0	47507	0	0
d:Bacteria,p:Bacteroidetes,c:Chlorobia,o:Chlorobiales		0	0	47507	0	0
d:Bacteria,p:Bacteroidetes,c:Bacteroidia,o:Sphingobacteriales		0	0	47507	0	0
d:Bacteria,p:Bacteroidetes,c:Bacteroidia,o:SM1A07		0	0	47507	0	0
d:Bacteria,p:Bacteroidetes,c:Bacteroidia,o:ML602M-17		0	0	47507	0	0
d:Bacteria,p:Bacteroidetes,c:Bacteroidia,o:Flavobacteriales		0	0	47507	0	0
d:Bacteria,p:Bacteroidetes,c:Bacteroidia,o:Cytophagales		0	0	47507	0	0
d:Bacteria,p:Bacteroidetes,c:Bacteroidia,o:Chitinophagales	4.5105	0	4.5105	47507	0	0
d:Bacteria,p:Bacteroidetes,c:Bacteroidia,o:Bacteroidetes_VC2.1_Bac22		0	0	47507	0	0
d:Bacteria,p:Bacteroidetes,c:Bacteroidia,o:Bacteroidales		0	0	47507	0	0
d:Bacteria,p:Atribacteria,c:JS1,o:uncultured_microorganism		0	0	47507	0	0
d:Bacteria,p:Atribacteria,c:JS1,o:uncultured_Clostridia_bacterium		0	0	47507	0	0
d:Bacteria,p:Atribacteria,c:JS1,o:uncultured_bacterium		0	0	47507	0	0
d:Bacteria,p:Atribacteria,c:JS1,o:terrestrial_metagenome		0	0	47507	0	0
d:Bacteria,p:Atribacteria,c:Caldatribacteriia,o:Caldatribacteriales		0	0	47507	0	0
d:Bacteria,p:Armatimonadetes,c:uncultured,o:uncultured_bacterium		0	0	47507	0	0
d:Bacteria,p:Armatimonadetes,c:Fimbriimonadia,o:Fimbriimonadales		0	0	47507	0	0
d:Bacteria,p:Armatimonadetes,c:DG-56,o:uncultured_bacterium		0	0	47507	0	0
d:Bacteria,p:Armatimonadetes,c:Chthonomonadetes,o:Chthonomonadales		0	0	47507	0	0
d:Bacteria,p:Armatimonadetes,c:Armatimonadia,o:Armatimonadales		0	0	47507	0	0
d:Bacteria,p:Aquificae,c:Aquificae,o:Hydrogenothermales		0	0	47507	0	0
d:Bacteria,p:Aquificae,c:Aquificae,o:Aquificales		0	0	47507	0	0
d:Bacteria,p:AncK6,c:uncultured_bacterium,o:uncultured_bacterium		0	0	47507	0	0
d:Bacteria,p:Aerophobetes,c:uncultured_bacterium,o:uncultured_bacterium		0	0	47507	0	0
d:Bacteria,p:Aegiribacteria,c:uncultured_organism,o:uncultured_organism		0	0	47507	0	0
d:Bacteria,p:Aegiribacteria,c:uncultured_bacterium,o:uncultured_bacterium		0	0	47507	0	0
d:Bacteria,p:Aegiribacteria,c:metagenome,o:metagenome		0	0	47507	0	0
d:Bacteria,p:Actinobacteria,c:WCHB1-81,o:uncultured_bacterium		0	0	47507	0	0
d:Bacteria,p:Actinobacteria,c:WCHB1-81,o:uncultured_actinobacterium		0	0	47507	0	0
d:Bacteria,p:Actinobacteria,c:Thermoleophilia,o:Solirubrobacterales		0	0	47507	0	0
d:Bacteria,p:Actinobacteria,c:Thermoleophilia,o:Gaiellales		0	0	47507	0	0
d:Bacteria,p:Actinobacteria,c:Rubrobacteria,o:Rubrobacterales		0	0	47507	0	0
d:Bacteria,p:Actinobacteria,c:RBG-16-55-12,o:uncultured_bacterium		0	0	47507	0	0
d:Bacteria,p:Actinobacteria,c:RBG-16-55-12,o:uncultured_actinobacterium		0	0	47507	0	0
d:Bacteria,p:Actinobacteria,c:Nitriliruptoria,o:Nitriliruptorales		0	0	47507	0	0
d:Bacteria,p:Actinobacteria,c:Nitriliruptoria,o:Euzebyales		0	0	47507	0	0
d:Bacteria,p:Actinobacteria,c:MB-A2-108,o:uncultured_bacterium		0	0	47507	0	0
d:Bacteria,p:Actinobacteria,c:MB-A2-108,o:uncultured_actinobacterium		0	0	47507	0	0
d:Bacteria,p:Actinobacteria,c:MB-A2-108,o:Actinobacteria_bacterium_RBG_19FT_COMBO_70_19		0	0	47507	0	0
d:Bacteria,p:Actinobacteria,c:Coriobacteriia,o:OPB41		0	0	47507	0	0
d:Bacteria,p:Actinobacteria,c:Coriobacteriia,o:FS118-23B-02		0	0	47507	0	0
d:Bacteria,p:Actinobacteria,c:Coriobacteriia,o:Coriobacteriales		0	0	47507	0	0
d:Bacteria,p:Actinobacteria,c:Actinobacteria,o:Streptosporangiales		0	0	47507	0	0
d:Bacteria,p:Actinobacteria,c:Actinobacteria,o:Streptomycetales		0	0	47507	0	0
d:Bacteria,p:Actinobacteria,c:Actinobacteria,o:Pseudonocardiales		0	0	47507	0	0
d:Bacteria,p:Actinobacteria,c:Actinobacteria,o:Propionibacteriales		0	0	47507	0	0
d:Bacteria,p:Actinobacteria,c:Actinobacteria,o:PeM15		0	0	47507	0	0
d:Bacteria,p:Actinobacteria,c:Actinobacteria,o:Micromonosporales		0	0	47507	0	0
d:Bacteria,p:Actinobacteria,c:Actinobacteria,o:Micrococcales		0	0	47507	0	0
d:Bacteria,p:Actinobacteria,c:Actinobacteria,o:Kineosporiales		0	0	47507	0	0
d:Bacteria,p:Actinobacteria,c:Actinobacteria,o:Glycomycetales		0	0	47507	0	0
d:Bacteria,p:Actinobacteria,c:Actinobacteria,o:Frankiales		0	0	47507	0	0
d:Bacteria,p:Actinobacteria,c:Actinobacteria,o:Elev-16S-976		0	0	47507	0	0
d:Bacteria,p:Actinobacteria,c:Actinobacteria,o:Corynebacteriales		0	0	47507	0	0
d:Bacteria,p:Actinobacteria,c:Actinobacteria,o:Bifidobacteriales		0	0	47507	0	0
d:Bacteria,p:Actinobacteria,c:Actinobacteria,o:Actinomycetales		0	0	47507	0	0
d:Bacteria,p:Actinobacteria,c:Acidimicrobiia,o:uncultured		0	0	47507	0	0
d:Bacteria,p:Actinobacteria,c:Acidimicrobiia,o:Microtrichales	4.5105	0	4.5105	47507	0	0
d:Bacteria,p:Actinobacteria,c:Acidimicrobiia,o:IMCC26256		0	0	47507	0	0
d:Bacteria,p:Actinobacteria,c:Acidimicrobiia,o:Actinomarinales		0	0	47507	0	0
d:Bacteria,p:Actinobacteria,c:Acidimicrobiia,o:Acidimicrobiales		0	0	47507	0	0
d:Bacteria,p:Actinobacteria,c:0319-7L14,o:uncultured_bacterium		0	0	47507	0	0
d:Bacteria,p:Acidobacteria,c:uncultured_Acidobacterium_sp.,o:uncultured_Acidobacterium_sp.		0	0	47507	0	0
d:Bacteria,p:Acidobacteria,c:Thermoanaerobaculia,o:Thermoanaerobaculales		0	0	47507	0	0
d:Bacteria,p:Acidobacteria,c:Subgroup_9,o:uncultured_bacterium		0	0	47507	0	0
d:Bacteria,p:Acidobacteria,c:Subgroup_6,o:Unknown_Order		0	0	47507	0	0
d:Bacteria,p:Acidobacteria,c:Subgroup_6,o:uncultured_Thermoanaerobaculum_sp.		0	0	47507	0	0
d:Bacteria,p:Acidobacteria,c:Subgroup_6,o:uncultured_soil_bacterium		0	0	47507	0	0
d:Bacteria,p:Acidobacteria,c:Subgroup_6,o:uncultured_sludge_bacterium_H3		0	0	47507	0	0
d:Bacteria,p:Acidobacteria,c:Subgroup_6,o:uncultured_organism		0	0	47507	0	0
d:Bacteria,p:Acidobacteria,c:Subgroup_6,o:uncultured_marine_microorganism		0	0	47507	0	0
d:Bacteria,p:Acidobacteria,c:Subgroup_6,o:uncultured_marine_bacterium		0	0	47507	0	0
d:Bacteria,p:Acidobacteria,c:Subgroup_6,o:uncultured_Holophaga_sp.		0	0	47507	0	0
d:Bacteria,p:Acidobacteria,c:Subgroup_6,o:uncultured_bacterium_DA008		0	0	47507	0	0
d:Bacteria,p:Acidobacteria,c:Subgroup_6,o:uncultured_bacterium	4.5105	0	4.5105	47507	0	0
d:Bacteria,p:Acidobacteria,c:Subgroup_6,o:uncultured_Acidobacteriales_bacterium		0	0	47507	0	0
d:Bacteria,p:Acidobacteria,c:Subgroup_6,o:uncultured_Acidobacteriaceae_bacterium		0	0	47507	0	0
d:Bacteria,p:Acidobacteria,c:Subgroup_6,o:uncultured_Acidobacteria_bacterium		0	0	47507	0	0
d:Bacteria,p:Acidobacteria,c:Subgroup_6,o:metagenome		0	0	47507	0	0
d:Bacteria,p:Acidobacteria,c:Subgroup_5,o:uncultured_bacterium		0	0	47507	0	0
d:Bacteria,p:Acidobacteria,c:Subgroup_5,o:uncultured_Acidobacteria_bacterium		0	0	47507	0	0
d:Bacteria,p:Acidobacteria,c:Subgroup_26,o:uncultured_bacterium		0	0	47507	0	0
d:Bacteria,p:Acidobacteria,c:Subgroup_26,o:uncultured_Acidobacteria_bacterium		0	0	47507	0	0
d:Bacteria,p:Acidobacteria,c:Subgroup_25,o:uncultured_bacterium		0	0	47507	0	0
d:Bacteria,p:Acidobacteria,c:Subgroup_25,o:uncultured_Acidobacteria_bacterium		0	0	47507	0	0
d:Bacteria,p:Acidobacteria,c:Subgroup_22,o:uncultured_sediment_bacterium		0	0	47507	0	0
d:Bacteria,p:Acidobacteria,c:Subgroup_22,o:uncultured_deep-sea_bacterium		0	0	47507	0	0
d:Bacteria,p:Acidobacteria,c:Subgroup_22,o:uncultured_bacterium		0	0	47507	0	0
d:Bacteria,p:Acidobacteria,c:Subgroup_22,o:uncultured_Acidobacteria_bacterium		0	0	47507	0	0
d:Bacteria,p:Acidobacteria,c:Subgroup_21,o:uncultured_bacterium		0	0	47507	0	0
d:Bacteria,p:Acidobacteria,c:Subgroup_21,o:uncultured_Acidobacterium_sp.		0	0	47507	0	0
d:Bacteria,p:Acidobacteria,c:Subgroup_19,o:uncultured_bacterium		0	0	47507	0	0
d:Bacteria,p:Acidobacteria,c:Subgroup_17,o:uncultured_bacterium		0	0	47507	0	0
d:Bacteria,p:Acidobacteria,c:Subgroup_17,o:uncultured_Acidobacteriales_bacterium		0	0	47507	0	0
d:Bacteria,p:Acidobacteria,c:Subgroup_17,o:uncultured_Acidobacteria_bacterium		0	0	47507	0	0
d:Bacteria,p:Acidobacteria,c:Subgroup_15,o:uncultured_proteobacterium		0	0	47507	0	0
d:Bacteria,p:Acidobacteria,c:Subgroup_15,o:uncultured_bacterium		0	0	47507	0	0
d:Bacteria,p:Acidobacteria,c:Subgroup_11,o:uncultured_bacterium		0	0	47507	0	0
d:Bacteria,p:Acidobacteria,c:Subgroup_11,o:uncultured_Acidobacterium_sp.		0	0	47507	0	0
d:Bacteria,p:Acidobacteria,c:Subgroup_11,o:uncultured_Acidobacteria_bacterium		0	0	47507	0	0
d:Bacteria,p:Acidobacteria,c:Holophagae,o:Subgroup_7		0	0	47507	0	0
d:Bacteria,p:Acidobacteria,c:Holophagae,o:Holophagales		0	0	47507	0	0
d:Bacteria,p:Acidobacteria,c:Holophagae,o:Acanthopleuribacterales		0	0	47507	0	0
d:Bacteria,p:Acidobacteria,c:Fischerbacteria,o:Candidatus_Fischerbacteria_bacterium_RBG_13_37_8		0	0	47507	0	0
d:Bacteria,p:Acidobacteria,c:d142,o:uncultured_organism		0	0	47507	0	0
d:Bacteria,p:Acidobacteria,c:c5LKS83,o:uncultured_bacterium		0	0	47507	0	0
d:Bacteria,p:Acidobacteria,c:c5LKS83,o:uncultured_Acidobacteria_bacterium		0	0	47507	0	0
d:Bacteria,p:Acidobacteria,c:Blastocatellia_(Subgroup_4),o:Pyrinomonadales		0	0	47507	0	0
d:Bacteria,p:Acidobacteria,c:Blastocatellia_(Subgroup_4),o:Elev-16S-573		0	0	47507	0	0
d:Bacteria,p:Acidobacteria,c:Blastocatellia_(Subgroup_4),o:DS-100		0	0	47507	0	0
d:Bacteria,p:Acidobacteria,c:Blastocatellia_(Subgroup_4),o:Chloracidobacteriales		0	0	47507	0	0
d:Bacteria,p:Acidobacteria,c:Blastocatellia_(Subgroup_4),o:Blastocatellales	4.5105	0	4.5105	47507	0	0
d:Bacteria,p:Acidobacteria,c:Blastocatellia_(Subgroup_4),o:11-24		0	0	47507	0	0
d:Bacteria,p:Acidobacteria,c:AT-s3-28,o:uncultured_bacterium		0	0	47507	0	0
d:Bacteria,p:Acidobacteria,c:AT-s3-28,o:uncultured_Acidobacteriaceae_bacterium		0	0	47507	0	0
d:Bacteria,p:Acidobacteria,c:Aminicenantia,o:Aminicenantales		0	0	47507	0	0
d:Bacteria,p:Acidobacteria,c:Acidobacteriia,o:Subgroup_2		0	0	47507	0	0
d:Bacteria,p:Acidobacteria,c:Acidobacteriia,o:Subgroup_13		0	0	47507	0	0
d:Bacteria,p:Acidobacteria,c:Acidobacteriia,o:Solibacterales		0	0	47507	0	0
d:Bacteria,p:Acidobacteria,c:Acidobacteriia,o:Acidobacteriales		0	0	47507	0	0
d:Bacteria,p:Acetothermia,c:Acetothermiia,o:uncultured_bacterium		0	0	47507	0	0
d:Archaea,p:Thaumarchaeota,c:Nitrososphaeria,o:Nitrososphaerales		0	0	47507	0	0
d:Archaea,p:Thaumarchaeota,c:Nitrososphaeria,o:Nitrosopumilales		0	0	47507	0	0
d:Archaea,p:Nanoarchaeaeota,c:Woesearchaeia,o:uncultured_euryarchaeote		0	0	47507	0	0
d:Archaea,p:Nanoarchaeaeota,c:Woesearchaeia,o:uncultured_crenarchaeote		0	0	47507	0	0
d:Archaea,p:Nanoarchaeaeota,c:Woesearchaeia,o:uncultured_bacterium		0	0	47507	0	0
d:Archaea,p:Nanoarchaeaeota,c:Woesearchaeia,o:uncultured_archaeon_CLEAR-24		0	0	47507	0	0
d:Archaea,p:Nanoarchaeaeota,c:Woesearchaeia,o:uncultured_archaeon		0	0	47507	0	0
d:Archaea,p:Nanoarchaeaeota,c:Woesearchaeia,o:metagenome		0	0	47507	0	0
d:Archaea,p:Nanoarchaeaeota,c:Woesearchaeia,o:Candidatus_Pacearchaeota_archaeon_CG1_02_32_21		0	0	47507	0	0
d:Archaea,p:Nanoarchaeaeota,c:Woesearchaeia,o:archaeon_GW2011_AR17		0	0	47507	0	0
d:Archaea,p:Nanoarchaeaeota,c:Nanohaloarchaeia,o:Deep_Sea_Euryarchaeotic_Group(DSEG)		0	0	47507	0	0
d:Archaea,p:Nanoarchaeaeota,c:Nanohaloarchaeia,o:Aenigmarchaeales		0	0	47507	0	0
d:Archaea,p:Hadesarchaeaeota,c:uncultured_archaeon,o:uncultured_archaeon		0	0	47507	0	0
d:Archaea,p:Euryarchaeota,c:Thermoplasmata,o:uncultured		0	0	47507	0	0
d:Archaea,p:Euryarchaeota,c:Thermoplasmata,o:Marine_Group_III		0	0	47507	0	0
d:Archaea,p:Euryarchaeota,c:Thermoplasmata,o:Marine_Group_II		0	0	47507	0	0
d:Archaea,p:Euryarchaeota,c:Methanomicrobia,o:Methanosarcinales		0	0	47507	0	0
d:Archaea,p:Euryarchaeota,c:Methanomicrobia,o:Methanomicrobiales		0	0	47507	0	0
d:Archaea,p:Euryarchaeota,c:Methanobacteria,o:Methanobacteriales		0	0	47507	0	0
d:Archaea,p:Diapherotrites,c:Iainarchaeia,o:uncultured_archaeon		0	0	47507	0	0
d:Archaea,p:Crenarchaeota,c:Thermoprotei,o:Geoarchaeales		0	0	47507	0	0
d:Archaea,p:Crenarchaeota,c:Bathyarchaeia,o:uncultured_crenarchaeote		0	0	47507	0	0
d:Archaea,p:Crenarchaeota,c:Bathyarchaeia,o:uncultured_archaeon		0	0	47507	0	0
d:Archaea,p:Asgardaeota,c:Heimdallarchaeia,o:uncultured_archaeon		0	0	47507	0	0
d:Archaea,p:Altiarchaeota,c:Altiarchaeia,o:Candidatus_Altiarchaeum_sp._CG2_30_32_3053		0	0	47507	0	0
